ccn,facility_name,address,city,zip_code,fips1,county1,fips2,county2,type,state,order
070015,NEW MILFORD HOSPITAL,21 ELM ST,NEW MILFORD,06776,09005,"Litchfield County, CT",34003,"Bergen County, NJ",Alternative,CT,3
070015,NEW MILFORD HOSPITAL,21 ELM ST,NEW MILFORD,06776,09005,"Litchfield County, CT",34017,"Hudson County, NJ",Alternative,CT,4
070015,NEW MILFORD HOSPITAL,21 ELM ST,NEW MILFORD,06776,09005,"Litchfield County, CT",34031,"Passaic County, NJ",Alternative,CT,3
070015,NEW MILFORD HOSPITAL,21 ELM ST,NEW MILFORD,06776,09005,"Litchfield County, CT",36005,"Bronx County, NY",Alternative,CT,3
070015,NEW MILFORD HOSPITAL,21 ELM ST,NEW MILFORD,06776,09005,"Litchfield County, CT",36047,"Kings County, NY",Alternative,CT,4
070015,NEW MILFORD HOSPITAL,21 ELM ST,NEW MILFORD,06776,09005,"Litchfield County, CT",36061,"New York County, NY",Alternative,CT,4
070015,NEW MILFORD HOSPITAL,21 ELM ST,NEW MILFORD,06776,09005,"Litchfield County, CT",36079,"Putnam County, NY",Alternative,CT,2
070015,NEW MILFORD HOSPITAL,21 ELM ST,NEW MILFORD,06776,09005,"Litchfield County, CT",36081,"Queens County, NY",Alternative,CT,3
070015,NEW MILFORD HOSPITAL,21 ELM ST,NEW MILFORD,06776,09005,"Litchfield County, CT",36085,"Richmond County, NY",Alternative,CT,4
070015,NEW MILFORD HOSPITAL,21 ELM ST,NEW MILFORD,06776,09005,"Litchfield County, CT",36087,"Rockland County, NY",Alternative,CT,3
070015,NEW MILFORD HOSPITAL,21 ELM ST,NEW MILFORD,06776,09005,"Litchfield County, CT",36119,"Westchester County, NY",Alternative,CT,2
140155,PRESENCE ST MARYS HOSPITAL,500 W COURT ST,KANKAKEE,60901,17091,"Kankakee County, IL",17031,"Cook County, IL",Current,IL,2
140186,RIVERSIDE MEDICAL CENTER,350 N WALL ST,KANKAKEE,60901,17091,"Kankakee County, IL",17031,"Cook County, IL",Current,IL,2
140155,PRESENCE ST MARYS HOSPITAL,500 W COURT ST,KANKAKEE,60901,17091,"Kankakee County, IL",17037,"DeKalb County, IL",Alternative,IL,3
140186,RIVERSIDE MEDICAL CENTER,350 N WALL ST,KANKAKEE,60901,17091,"Kankakee County, IL",17037,"DeKalb County, IL",Alternative,IL,3
140155,PRESENCE ST MARYS HOSPITAL,500 W COURT ST,KANKAKEE,60901,17091,"Kankakee County, IL",17043,"DuPage County, IL",Current,IL,2
140186,RIVERSIDE MEDICAL CENTER,350 N WALL ST,KANKAKEE,60901,17091,"Kankakee County, IL",17043,"DuPage County, IL",Current,IL,2
140155,PRESENCE ST MARYS HOSPITAL,500 W COURT ST,KANKAKEE,60901,17091,"Kankakee County, IL",17063,"Grundy County, IL",Current,IL,1
140186,RIVERSIDE MEDICAL CENTER,350 N WALL ST,KANKAKEE,60901,17091,"Kankakee County, IL",17063,"Grundy County, IL",Current,IL,1
140155,PRESENCE ST MARYS HOSPITAL,500 W COURT ST,KANKAKEE,60901,17091,"Kankakee County, IL",17089,"Kane County, IL",Alternative,IL,3
140186,RIVERSIDE MEDICAL CENTER,350 N WALL ST,KANKAKEE,60901,17091,"Kankakee County, IL",17089,"Kane County, IL",Alternative,IL,3
140155,PRESENCE ST MARYS HOSPITAL,500 W COURT ST,KANKAKEE,60901,17091,"Kankakee County, IL",17093,"Kendall County, IL",Current,IL,2
140186,RIVERSIDE MEDICAL CENTER,350 N WALL ST,KANKAKEE,60901,17091,"Kankakee County, IL",17093,"Kendall County, IL",Current,IL,2
140155,PRESENCE ST MARYS HOSPITAL,500 W COURT ST,KANKAKEE,60901,17091,"Kankakee County, IL",17111,"McHenry County, IL",Current,IL,3
140186,RIVERSIDE MEDICAL CENTER,350 N WALL ST,KANKAKEE,60901,17091,"Kankakee County, IL",17111,"McHenry County, IL",Current,IL,3
140155,PRESENCE ST MARYS HOSPITAL,500 W COURT ST,KANKAKEE,60901,17091,"Kankakee County, IL",17197,"Will County, IL",Current,IL,1
140186,RIVERSIDE MEDICAL CENTER,350 N WALL ST,KANKAKEE,60901,17091,"Kankakee County, IL",17197,"Will County, IL",Current,IL,1
140110,OTTAWA REGIONAL HOSPITAL & HEALTHCARE CENTER,1100 EAST NORRIS DRIVE,OTTAWA,61350,17099,"LaSalle County, IL",17031,"Cook County, IL",Current,IL,3
140110,OTTAWA REGIONAL HOSPITAL & HEALTHCARE CENTER,1100 EAST NORRIS DRIVE,OTTAWA,61350,17099,"LaSalle County, IL",17037,"DeKalb County, IL",Alternative,IL,1
140110,OTTAWA REGIONAL HOSPITAL & HEALTHCARE CENTER,1100 EAST NORRIS DRIVE,OTTAWA,61350,17099,"LaSalle County, IL",17043,"DuPage County, IL",Current,IL,2
140110,OTTAWA REGIONAL HOSPITAL & HEALTHCARE CENTER,1100 EAST NORRIS DRIVE,OTTAWA,61350,17099,"LaSalle County, IL",17063,"Grundy County, IL",Current,IL,1
140110,OTTAWA REGIONAL HOSPITAL & HEALTHCARE CENTER,1100 EAST NORRIS DRIVE,OTTAWA,61350,17099,"LaSalle County, IL",17089,"Kane County, IL",Alternative,IL,2
140110,OTTAWA REGIONAL HOSPITAL & HEALTHCARE CENTER,1100 EAST NORRIS DRIVE,OTTAWA,61350,17099,"LaSalle County, IL",17093,"Kendall County, IL",Current,IL,1
140110,OTTAWA REGIONAL HOSPITAL & HEALTHCARE CENTER,1100 EAST NORRIS DRIVE,OTTAWA,61350,17099,"LaSalle County, IL",17111,"McHenry County, IL",Current,IL,2
140110,OTTAWA REGIONAL HOSPITAL & HEALTHCARE CENTER,1100 EAST NORRIS DRIVE,OTTAWA,61350,17099,"LaSalle County, IL",17197,"Will County, IL",Current,IL,2
140012,KATHERINE SHAW BETHEA HOSPITAL,403 E 1ST ST,DIXON,61021,17103,"Lee County, IL",17031,"Cook County, IL",Current,IL,3
140012,KATHERINE SHAW BETHEA HOSPITAL,403 E 1ST ST,DIXON,61021,17103,"Lee County, IL",17037,"DeKalb County, IL",Alternative,IL,1
140012,KATHERINE SHAW BETHEA HOSPITAL,403 E 1ST ST,DIXON,61021,17103,"Lee County, IL",17043,"DuPage County, IL",Current,IL,3
140012,KATHERINE SHAW BETHEA HOSPITAL,403 E 1ST ST,DIXON,61021,17103,"Lee County, IL",17063,"Grundy County, IL",Current,IL,2
140012,KATHERINE SHAW BETHEA HOSPITAL,403 E 1ST ST,DIXON,61021,17103,"Lee County, IL",17089,"Kane County, IL",Alternative,IL,2
140012,KATHERINE SHAW BETHEA HOSPITAL,403 E 1ST ST,DIXON,61021,17103,"Lee County, IL",17093,"Kendall County, IL",Current,IL,2
140012,KATHERINE SHAW BETHEA HOSPITAL,403 E 1ST ST,DIXON,61021,17103,"Lee County, IL",17111,"McHenry County, IL",Current,IL,2
140012,KATHERINE SHAW BETHEA HOSPITAL,403 E 1ST ST,DIXON,61021,17103,"Lee County, IL",17197,"Will County, IL",Current,IL,3
140161,SAINT JAMES HOSPITAL,2500 WEST REYNOLDS STREET,PONTIAC,61764,17105,"Livingston County, IL",17031,"Cook County, IL",Current,IL,3
140161,SAINT JAMES HOSPITAL,2500 WEST REYNOLDS STREET,PONTIAC,61764,17105,"Livingston County, IL",17037,"DeKalb County, IL",Alternative,IL,2
140161,SAINT JAMES HOSPITAL,2500 WEST REYNOLDS STREET,PONTIAC,61764,17105,"Livingston County, IL",17043,"DuPage County, IL",Current,IL,3
140161,SAINT JAMES HOSPITAL,2500 WEST REYNOLDS STREET,PONTIAC,61764,17105,"Livingston County, IL",17063,"Grundy County, IL",Current,IL,1
140161,SAINT JAMES HOSPITAL,2500 WEST REYNOLDS STREET,PONTIAC,61764,17105,"Livingston County, IL",17089,"Kane County, IL",Alternative,IL,3
140161,SAINT JAMES HOSPITAL,2500 WEST REYNOLDS STREET,PONTIAC,61764,17105,"Livingston County, IL",17093,"Kendall County, IL",Current,IL,2
140161,SAINT JAMES HOSPITAL,2500 WEST REYNOLDS STREET,PONTIAC,61764,17105,"Livingston County, IL",17111,"McHenry County, IL",Current,IL,3
140161,SAINT JAMES HOSPITAL,2500 WEST REYNOLDS STREET,PONTIAC,61764,17105,"Livingston County, IL",17197,"Will County, IL",Current,IL,2
150002,METHODIST HOSPITALS INC,600 GRANT ST,GARY,46402,18089,"Lake County, IN",17031,"Cook County, IL",Current,IN,1
150004,FRANCISCAN ST MARGARET HEALTH - HAMMOND,5454 HOHMAN AVE,HAMMOND,46320,18089,"Lake County, IN",17031,"Cook County, IL",Current,IN,1
150008,ST CATHERINE HOSPITAL INC,4321 FIR ST,EAST CHICAGO,46312,18089,"Lake County, IN",17031,"Cook County, IL",Current,IN,1
150034,ST MARY MEDICAL CENTER INC,1500 S LAKE PARK AVE,HOBART,46342,18089,"Lake County, IN",17031,"Cook County, IL",Current,IN,1
150090,FRANCISCAN ST MARGARET HEALTH - DYER,24 JOLIET ST,DYER,46311,18089,"Lake County, IN",17031,"Cook County, IL",Current,IN,1
150125,COMMUNITY HOSPITAL,901 MACARTHUR BLVD,MUNSTER,46321,18089,"Lake County, IN",17031,"Cook County, IL",Current,IN,1
150126,FRANCISCAN ST ANTHONY HEALTH - CROWN POINT,1201 S MAIN ST,CROWN POINT,46307,18089,"Lake County, IN",17031,"Cook County, IL",Current,IN,1
150165,FRANCISCAN HEALTHCARE - MUNSTER,701 SUPERIOR AVE,MUNSTER,46321,18089,"Lake County, IN",17031,"Cook County, IL",Current,IN,1
150166,PINNACLE HOSPITAL,9301 CONNECTICUT DR,CROWN POINT,46307,18089,"Lake County, IN",17031,"Cook County, IL",Current,IN,1
150002,METHODIST HOSPITALS INC,600 GRANT ST,GARY,46402,18089,"Lake County, IN",17037,"DeKalb County, IL",Alternative,IN,3
150004,FRANCISCAN ST MARGARET HEALTH - HAMMOND,5454 HOHMAN AVE,HAMMOND,46320,18089,"Lake County, IN",17037,"DeKalb County, IL",Alternative,IN,3
150008,ST CATHERINE HOSPITAL INC,4321 FIR ST,EAST CHICAGO,46312,18089,"Lake County, IN",17037,"DeKalb County, IL",Alternative,IN,3
150034,ST MARY MEDICAL CENTER INC,1500 S LAKE PARK AVE,HOBART,46342,18089,"Lake County, IN",17037,"DeKalb County, IL",Alternative,IN,3
150090,FRANCISCAN ST MARGARET HEALTH - DYER,24 JOLIET ST,DYER,46311,18089,"Lake County, IN",17037,"DeKalb County, IL",Alternative,IN,3
150125,COMMUNITY HOSPITAL,901 MACARTHUR BLVD,MUNSTER,46321,18089,"Lake County, IN",17037,"DeKalb County, IL",Alternative,IN,3
150126,FRANCISCAN ST ANTHONY HEALTH - CROWN POINT,1201 S MAIN ST,CROWN POINT,46307,18089,"Lake County, IN",17037,"DeKalb County, IL",Alternative,IN,3
150165,FRANCISCAN HEALTHCARE - MUNSTER,701 SUPERIOR AVE,MUNSTER,46321,18089,"Lake County, IN",17037,"DeKalb County, IL",Alternative,IN,3
150166,PINNACLE HOSPITAL,9301 CONNECTICUT DR,CROWN POINT,46307,18089,"Lake County, IN",17037,"DeKalb County, IL",Alternative,IN,3
150002,METHODIST HOSPITALS INC,600 GRANT ST,GARY,46402,18089,"Lake County, IN",17043,"DuPage County, IL",Current,IN,2
150004,FRANCISCAN ST MARGARET HEALTH - HAMMOND,5454 HOHMAN AVE,HAMMOND,46320,18089,"Lake County, IN",17043,"DuPage County, IL",Current,IN,2
150008,ST CATHERINE HOSPITAL INC,4321 FIR ST,EAST CHICAGO,46312,18089,"Lake County, IN",17043,"DuPage County, IL",Current,IN,2
150034,ST MARY MEDICAL CENTER INC,1500 S LAKE PARK AVE,HOBART,46342,18089,"Lake County, IN",17043,"DuPage County, IL",Current,IN,2
150090,FRANCISCAN ST MARGARET HEALTH - DYER,24 JOLIET ST,DYER,46311,18089,"Lake County, IN",17043,"DuPage County, IL",Current,IN,2
150125,COMMUNITY HOSPITAL,901 MACARTHUR BLVD,MUNSTER,46321,18089,"Lake County, IN",17043,"DuPage County, IL",Current,IN,2
150126,FRANCISCAN ST ANTHONY HEALTH - CROWN POINT,1201 S MAIN ST,CROWN POINT,46307,18089,"Lake County, IN",17043,"DuPage County, IL",Current,IN,2
150165,FRANCISCAN HEALTHCARE - MUNSTER,701 SUPERIOR AVE,MUNSTER,46321,18089,"Lake County, IN",17043,"DuPage County, IL",Current,IN,2
150166,PINNACLE HOSPITAL,9301 CONNECTICUT DR,CROWN POINT,46307,18089,"Lake County, IN",17043,"DuPage County, IL",Current,IN,2
150002,METHODIST HOSPITALS INC,600 GRANT ST,GARY,46402,18089,"Lake County, IN",17063,"Grundy County, IL",Current,IN,2
150004,FRANCISCAN ST MARGARET HEALTH - HAMMOND,5454 HOHMAN AVE,HAMMOND,46320,18089,"Lake County, IN",17063,"Grundy County, IL",Current,IN,2
150008,ST CATHERINE HOSPITAL INC,4321 FIR ST,EAST CHICAGO,46312,18089,"Lake County, IN",17063,"Grundy County, IL",Current,IN,2
150034,ST MARY MEDICAL CENTER INC,1500 S LAKE PARK AVE,HOBART,46342,18089,"Lake County, IN",17063,"Grundy County, IL",Current,IN,2
150090,FRANCISCAN ST MARGARET HEALTH - DYER,24 JOLIET ST,DYER,46311,18089,"Lake County, IN",17063,"Grundy County, IL",Current,IN,2
150125,COMMUNITY HOSPITAL,901 MACARTHUR BLVD,MUNSTER,46321,18089,"Lake County, IN",17063,"Grundy County, IL",Current,IN,2
150126,FRANCISCAN ST ANTHONY HEALTH - CROWN POINT,1201 S MAIN ST,CROWN POINT,46307,18089,"Lake County, IN",17063,"Grundy County, IL",Current,IN,2
150165,FRANCISCAN HEALTHCARE - MUNSTER,701 SUPERIOR AVE,MUNSTER,46321,18089,"Lake County, IN",17063,"Grundy County, IL",Current,IN,2
150166,PINNACLE HOSPITAL,9301 CONNECTICUT DR,CROWN POINT,46307,18089,"Lake County, IN",17063,"Grundy County, IL",Current,IN,2
150002,METHODIST HOSPITALS INC,600 GRANT ST,GARY,46402,18089,"Lake County, IN",17089,"Kane County, IL",Alternative,IN,2
150004,FRANCISCAN ST MARGARET HEALTH - HAMMOND,5454 HOHMAN AVE,HAMMOND,46320,18089,"Lake County, IN",17089,"Kane County, IL",Alternative,IN,2
150008,ST CATHERINE HOSPITAL INC,4321 FIR ST,EAST CHICAGO,46312,18089,"Lake County, IN",17089,"Kane County, IL",Alternative,IN,2
150034,ST MARY MEDICAL CENTER INC,1500 S LAKE PARK AVE,HOBART,46342,18089,"Lake County, IN",17089,"Kane County, IL",Alternative,IN,2
150090,FRANCISCAN ST MARGARET HEALTH - DYER,24 JOLIET ST,DYER,46311,18089,"Lake County, IN",17089,"Kane County, IL",Alternative,IN,2
150125,COMMUNITY HOSPITAL,901 MACARTHUR BLVD,MUNSTER,46321,18089,"Lake County, IN",17089,"Kane County, IL",Alternative,IN,2
150126,FRANCISCAN ST ANTHONY HEALTH - CROWN POINT,1201 S MAIN ST,CROWN POINT,46307,18089,"Lake County, IN",17089,"Kane County, IL",Alternative,IN,2
150165,FRANCISCAN HEALTHCARE - MUNSTER,701 SUPERIOR AVE,MUNSTER,46321,18089,"Lake County, IN",17089,"Kane County, IL",Alternative,IN,2
150166,PINNACLE HOSPITAL,9301 CONNECTICUT DR,CROWN POINT,46307,18089,"Lake County, IN",17089,"Kane County, IL",Alternative,IN,2
150002,METHODIST HOSPITALS INC,600 GRANT ST,GARY,46402,18089,"Lake County, IN",17093,"Kendall County, IL",Current,IN,2
150004,FRANCISCAN ST MARGARET HEALTH - HAMMOND,5454 HOHMAN AVE,HAMMOND,46320,18089,"Lake County, IN",17093,"Kendall County, IL",Current,IN,2
150008,ST CATHERINE HOSPITAL INC,4321 FIR ST,EAST CHICAGO,46312,18089,"Lake County, IN",17093,"Kendall County, IL",Current,IN,2
150034,ST MARY MEDICAL CENTER INC,1500 S LAKE PARK AVE,HOBART,46342,18089,"Lake County, IN",17093,"Kendall County, IL",Current,IN,2
150090,FRANCISCAN ST MARGARET HEALTH - DYER,24 JOLIET ST,DYER,46311,18089,"Lake County, IN",17093,"Kendall County, IL",Current,IN,2
150125,COMMUNITY HOSPITAL,901 MACARTHUR BLVD,MUNSTER,46321,18089,"Lake County, IN",17093,"Kendall County, IL",Current,IN,2
150126,FRANCISCAN ST ANTHONY HEALTH - CROWN POINT,1201 S MAIN ST,CROWN POINT,46307,18089,"Lake County, IN",17093,"Kendall County, IL",Current,IN,2
150165,FRANCISCAN HEALTHCARE - MUNSTER,701 SUPERIOR AVE,MUNSTER,46321,18089,"Lake County, IN",17093,"Kendall County, IL",Current,IN,2
150166,PINNACLE HOSPITAL,9301 CONNECTICUT DR,CROWN POINT,46307,18089,"Lake County, IN",17093,"Kendall County, IL",Current,IN,2
150002,METHODIST HOSPITALS INC,600 GRANT ST,GARY,46402,18089,"Lake County, IN",17111,"McHenry County, IL",Current,IN,2
150004,FRANCISCAN ST MARGARET HEALTH - HAMMOND,5454 HOHMAN AVE,HAMMOND,46320,18089,"Lake County, IN",17111,"McHenry County, IL",Current,IN,2
150008,ST CATHERINE HOSPITAL INC,4321 FIR ST,EAST CHICAGO,46312,18089,"Lake County, IN",17111,"McHenry County, IL",Current,IN,2
150034,ST MARY MEDICAL CENTER INC,1500 S LAKE PARK AVE,HOBART,46342,18089,"Lake County, IN",17111,"McHenry County, IL",Current,IN,2
150090,FRANCISCAN ST MARGARET HEALTH - DYER,24 JOLIET ST,DYER,46311,18089,"Lake County, IN",17111,"McHenry County, IL",Current,IN,2
150125,COMMUNITY HOSPITAL,901 MACARTHUR BLVD,MUNSTER,46321,18089,"Lake County, IN",17111,"McHenry County, IL",Current,IN,2
150126,FRANCISCAN ST ANTHONY HEALTH - CROWN POINT,1201 S MAIN ST,CROWN POINT,46307,18089,"Lake County, IN",17111,"McHenry County, IL",Current,IN,2
150165,FRANCISCAN HEALTHCARE - MUNSTER,701 SUPERIOR AVE,MUNSTER,46321,18089,"Lake County, IN",17111,"McHenry County, IL",Current,IN,2
150166,PINNACLE HOSPITAL,9301 CONNECTICUT DR,CROWN POINT,46307,18089,"Lake County, IN",17111,"McHenry County, IL",Current,IN,2
150002,METHODIST HOSPITALS INC,600 GRANT ST,GARY,46402,18089,"Lake County, IN",17197,"Will County, IL",Current,IN,1
150004,FRANCISCAN ST MARGARET HEALTH - HAMMOND,5454 HOHMAN AVE,HAMMOND,46320,18089,"Lake County, IN",17197,"Will County, IL",Current,IN,1
150008,ST CATHERINE HOSPITAL INC,4321 FIR ST,EAST CHICAGO,46312,18089,"Lake County, IN",17197,"Will County, IL",Current,IN,1
150034,ST MARY MEDICAL CENTER INC,1500 S LAKE PARK AVE,HOBART,46342,18089,"Lake County, IN",17197,"Will County, IL",Current,IN,1
150090,FRANCISCAN ST MARGARET HEALTH - DYER,24 JOLIET ST,DYER,46311,18089,"Lake County, IN",17197,"Will County, IL",Current,IN,1
150125,COMMUNITY HOSPITAL,901 MACARTHUR BLVD,MUNSTER,46321,18089,"Lake County, IN",17197,"Will County, IL",Current,IN,1
150126,FRANCISCAN ST ANTHONY HEALTH - CROWN POINT,1201 S MAIN ST,CROWN POINT,46307,18089,"Lake County, IN",17197,"Will County, IL",Current,IN,1
150165,FRANCISCAN HEALTHCARE - MUNSTER,701 SUPERIOR AVE,MUNSTER,46321,18089,"Lake County, IN",17197,"Will County, IL",Current,IN,1
150166,PINNACLE HOSPITAL,9301 CONNECTICUT DR,CROWN POINT,46307,18089,"Lake County, IN",17197,"Will County, IL",Current,IN,1
180048,EPHRAIM MCDOWELL REGIONAL MEDICAL CENTER,217 SOUTH THIRD STREET,DANVILLE,40422,21021,"Boyle County, KY",18019,"Clark County, IN",Current,KY,5
180048,EPHRAIM MCDOWELL REGIONAL MEDICAL CENTER,217 SOUTH THIRD STREET,DANVILLE,40422,21021,"Boyle County, KY",18043,"Floyd County, IN",Current,KY,5
180048,EPHRAIM MCDOWELL REGIONAL MEDICAL CENTER,217 SOUTH THIRD STREET,DANVILLE,40422,21021,"Boyle County, KY",18061,"Harrison County, IN",Current,KY,4
180048,EPHRAIM MCDOWELL REGIONAL MEDICAL CENTER,217 SOUTH THIRD STREET,DANVILLE,40422,21021,"Boyle County, KY",18175,"Washington County, IN",Current,KY,5
180048,EPHRAIM MCDOWELL REGIONAL MEDICAL CENTER,217 SOUTH THIRD STREET,DANVILLE,40422,21021,"Boyle County, KY",21029,"Bullitt County, KY",Current,KY,3
180048,EPHRAIM MCDOWELL REGIONAL MEDICAL CENTER,217 SOUTH THIRD STREET,DANVILLE,40422,21021,"Boyle County, KY",21103,"Henry County, KY",Current,KY,4
180048,EPHRAIM MCDOWELL REGIONAL MEDICAL CENTER,217 SOUTH THIRD STREET,DANVILLE,40422,21021,"Boyle County, KY",21111,"Jefferson County, KY",Current,KY,4
180048,EPHRAIM MCDOWELL REGIONAL MEDICAL CENTER,217 SOUTH THIRD STREET,DANVILLE,40422,21021,"Boyle County, KY",21163,"Meade County, KY",Alternative,KY,4
180048,EPHRAIM MCDOWELL REGIONAL MEDICAL CENTER,217 SOUTH THIRD STREET,DANVILLE,40422,21021,"Boyle County, KY",21179,"Nelson County, KY",Current,KY,2
180048,EPHRAIM MCDOWELL REGIONAL MEDICAL CENTER,217 SOUTH THIRD STREET,DANVILLE,40422,21021,"Boyle County, KY",21185,"Oldham County, KY",Current,KY,4
180048,EPHRAIM MCDOWELL REGIONAL MEDICAL CENTER,217 SOUTH THIRD STREET,DANVILLE,40422,21021,"Boyle County, KY",21211,"Shelby County, KY",Current,KY,3
180048,EPHRAIM MCDOWELL REGIONAL MEDICAL CENTER,217 SOUTH THIRD STREET,DANVILLE,40422,21021,"Boyle County, KY",21215,"Spencer County, KY",Current,KY,3
180048,EPHRAIM MCDOWELL REGIONAL MEDICAL CENTER,217 SOUTH THIRD STREET,DANVILLE,40422,21021,"Boyle County, KY",21223,"Trimble County, KY",Current,KY,5
180012,HARDIN MEMORIAL HOSPITAL,913 NORTH DIXIE AVENUE,ELIZABETHTOWN,42701,21093,"Hardin County, KY",18019,"Clark County, IN",Current,KY,2
180012,HARDIN MEMORIAL HOSPITAL,913 NORTH DIXIE AVENUE,ELIZABETHTOWN,42701,21093,"Hardin County, KY",18043,"Floyd County, IN",Current,KY,2
180012,HARDIN MEMORIAL HOSPITAL,913 NORTH DIXIE AVENUE,ELIZABETHTOWN,42701,21093,"Hardin County, KY",18061,"Harrison County, IN",Current,KY,1
180012,HARDIN MEMORIAL HOSPITAL,913 NORTH DIXIE AVENUE,ELIZABETHTOWN,42701,21093,"Hardin County, KY",18175,"Washington County, IN",Current,KY,2
180012,HARDIN MEMORIAL HOSPITAL,913 NORTH DIXIE AVENUE,ELIZABETHTOWN,42701,21093,"Hardin County, KY",21029,"Bullitt County, KY",Current,KY,1
180012,HARDIN MEMORIAL HOSPITAL,913 NORTH DIXIE AVENUE,ELIZABETHTOWN,42701,21093,"Hardin County, KY",21103,"Henry County, KY",Current,KY,3
180012,HARDIN MEMORIAL HOSPITAL,913 NORTH DIXIE AVENUE,ELIZABETHTOWN,42701,21093,"Hardin County, KY",21111,"Jefferson County, KY",Current,KY,1
180012,HARDIN MEMORIAL HOSPITAL,913 NORTH DIXIE AVENUE,ELIZABETHTOWN,42701,21093,"Hardin County, KY",21163,"Meade County, KY",Alternative,KY,1
180012,HARDIN MEMORIAL HOSPITAL,913 NORTH DIXIE AVENUE,ELIZABETHTOWN,42701,21093,"Hardin County, KY",21179,"Nelson County, KY",Current,KY,1
180012,HARDIN MEMORIAL HOSPITAL,913 NORTH DIXIE AVENUE,ELIZABETHTOWN,42701,21093,"Hardin County, KY",21185,"Oldham County, KY",Current,KY,2
180012,HARDIN MEMORIAL HOSPITAL,913 NORTH DIXIE AVENUE,ELIZABETHTOWN,42701,21093,"Hardin County, KY",21211,"Shelby County, KY",Current,KY,2
180012,HARDIN MEMORIAL HOSPITAL,913 NORTH DIXIE AVENUE,ELIZABETHTOWN,42701,21093,"Hardin County, KY",21215,"Spencer County, KY",Current,KY,2
180012,HARDIN MEMORIAL HOSPITAL,913 NORTH DIXIE AVENUE,ELIZABETHTOWN,42701,21093,"Hardin County, KY",21223,"Trimble County, KY",Current,KY,3
180024,SPRING VIEW HOSPITAL,320 LORETTO ROAD,LEBANON,40033,21155,"Marion County, KY",18019,"Clark County, IN",Current,KY,4
180024,SPRING VIEW HOSPITAL,320 LORETTO ROAD,LEBANON,40033,21155,"Marion County, KY",18043,"Floyd County, IN",Current,KY,4
180024,SPRING VIEW HOSPITAL,320 LORETTO ROAD,LEBANON,40033,21155,"Marion County, KY",18061,"Harrison County, IN",Current,KY,3
180024,SPRING VIEW HOSPITAL,320 LORETTO ROAD,LEBANON,40033,21155,"Marion County, KY",18175,"Washington County, IN",Current,KY,4
180024,SPRING VIEW HOSPITAL,320 LORETTO ROAD,LEBANON,40033,21155,"Marion County, KY",21029,"Bullitt County, KY",Current,KY,2
180024,SPRING VIEW HOSPITAL,320 LORETTO ROAD,LEBANON,40033,21155,"Marion County, KY",21103,"Henry County, KY",Current,KY,4
180024,SPRING VIEW HOSPITAL,320 LORETTO ROAD,LEBANON,40033,21155,"Marion County, KY",21111,"Jefferson County, KY",Current,KY,3
180024,SPRING VIEW HOSPITAL,320 LORETTO ROAD,LEBANON,40033,21155,"Marion County, KY",21163,"Meade County, KY",Alternative,KY,3
180024,SPRING VIEW HOSPITAL,320 LORETTO ROAD,LEBANON,40033,21155,"Marion County, KY",21179,"Nelson County, KY",Current,KY,1
180024,SPRING VIEW HOSPITAL,320 LORETTO ROAD,LEBANON,40033,21155,"Marion County, KY",21185,"Oldham County, KY",Current,KY,4
180024,SPRING VIEW HOSPITAL,320 LORETTO ROAD,LEBANON,40033,21155,"Marion County, KY",21211,"Shelby County, KY",Current,KY,3
180024,SPRING VIEW HOSPITAL,320 LORETTO ROAD,LEBANON,40033,21155,"Marion County, KY",21215,"Spencer County, KY",Current,KY,2
180024,SPRING VIEW HOSPITAL,320 LORETTO ROAD,LEBANON,40033,21155,"Marion County, KY",21223,"Trimble County, KY",Current,KY,5
310031,DEBORAH HEART AND LUNG CENTER,200 TRENTON ROAD,BROWNS MILLS,08015,34005,"Burlington County, NJ",34023,"Middlesex County, NJ",Alternative,NJ,2
310031,DEBORAH HEART AND LUNG CENTER,200 TRENTON ROAD,BROWNS MILLS,08015,34005,"Burlington County, NJ",34025,"Monmouth County, NJ",Alternative,NJ,1
310031,DEBORAH HEART AND LUNG CENTER,200 TRENTON ROAD,BROWNS MILLS,08015,34005,"Burlington County, NJ",34029,"Ocean County, NJ",Alternative,NJ,1
310031,DEBORAH HEART AND LUNG CENTER,200 TRENTON ROAD,BROWNS MILLS,08015,34005,"Burlington County, NJ",34035,"Somerset County, NJ",Alternative,NJ,2
310014,COOPER UNIVERSITY HOSPITAL,1 COOPER PLAZA,CAMDEN,08103,34007,"Camden County, NJ",42017,"Bucks County, PA",Alternative,NJ,2
310014,COOPER UNIVERSITY HOSPITAL,1 COOPER PLAZA,CAMDEN,08103,34007,"Camden County, NJ",42029,"Chester County, PA",Alternative,NJ,3
310014,COOPER UNIVERSITY HOSPITAL,1 COOPER PLAZA,CAMDEN,08103,34007,"Camden County, NJ",42045,"Delaware County, PA",Current,NJ,2
310014,COOPER UNIVERSITY HOSPITAL,1 COOPER PLAZA,CAMDEN,08103,34007,"Camden County, NJ",42091,"Montgomery County, PA",Alternative,NJ,2
310014,COOPER UNIVERSITY HOSPITAL,1 COOPER PLAZA,CAMDEN,08103,34007,"Camden County, NJ",42101,"Philadelphia County, PA",Current,NJ,1
310002,NEWARK BETH ISRAEL MEDICAL CENTER,201 LYONS AVE,NEWARK,07112,34013,"Essex County, NJ",34003,"Bergen County, NJ",Alternative,NJ,1
310009,CLARA MAASS MEDICAL CENTER,ONE CLARA MAAS DRIVE,BELLEVILLE,07109,34013,"Essex County, NJ",34003,"Bergen County, NJ",Alternative,NJ,1
310054,HACKENSACK-UMC MOUNTAINSIDE,BAY AND HIGHLAND AVE,MONTCLAIR,07042,34013,"Essex County, NJ",34003,"Bergen County, NJ",Alternative,NJ,1
310076,SAINT BARNABAS MEDICAL CENTER,94 OLD SHORT HILLS ROAD,LIVINGSTON,07039,34013,"Essex County, NJ",34003,"Bergen County, NJ",Alternative,NJ,1
310083,EAST ORANGE GENERAL HOSPITAL,300 CENTRAL AVE,EAST ORANGE,07018,34013,"Essex County, NJ",34003,"Bergen County, NJ",Alternative,NJ,1
310096,"SAINT MICHAEL'S MEDICAL CENTER, INC",111 CENTRAL AVENUE,NEWARK,07102,34013,"Essex County, NJ",34003,"Bergen County, NJ",Alternative,NJ,1
310119,UNIVERSITY HOSPITAL,150 BERGEN ST,NEWARK,07103,34013,"Essex County, NJ",34003,"Bergen County, NJ",Alternative,NJ,1
310002,NEWARK BETH ISRAEL MEDICAL CENTER,201 LYONS AVE,NEWARK,07112,34013,"Essex County, NJ",34017,"Hudson County, NJ",Alternative,NJ,1
310009,CLARA MAASS MEDICAL CENTER,ONE CLARA MAAS DRIVE,BELLEVILLE,07109,34013,"Essex County, NJ",34017,"Hudson County, NJ",Alternative,NJ,1
310054,HACKENSACK-UMC MOUNTAINSIDE,BAY AND HIGHLAND AVE,MONTCLAIR,07042,34013,"Essex County, NJ",34017,"Hudson County, NJ",Alternative,NJ,1
310076,SAINT BARNABAS MEDICAL CENTER,94 OLD SHORT HILLS ROAD,LIVINGSTON,07039,34013,"Essex County, NJ",34017,"Hudson County, NJ",Alternative,NJ,1
310083,EAST ORANGE GENERAL HOSPITAL,300 CENTRAL AVE,EAST ORANGE,07018,34013,"Essex County, NJ",34017,"Hudson County, NJ",Alternative,NJ,1
310096,"SAINT MICHAEL'S MEDICAL CENTER, INC",111 CENTRAL AVENUE,NEWARK,07102,34013,"Essex County, NJ",34017,"Hudson County, NJ",Alternative,NJ,1
310119,UNIVERSITY HOSPITAL,150 BERGEN ST,NEWARK,07103,34013,"Essex County, NJ",34017,"Hudson County, NJ",Alternative,NJ,1
310002,NEWARK BETH ISRAEL MEDICAL CENTER,201 LYONS AVE,NEWARK,07112,34013,"Essex County, NJ",34031,"Passaic County, NJ",Alternative,NJ,1
310009,CLARA MAASS MEDICAL CENTER,ONE CLARA MAAS DRIVE,BELLEVILLE,07109,34013,"Essex County, NJ",34031,"Passaic County, NJ",Alternative,NJ,1
310054,HACKENSACK-UMC MOUNTAINSIDE,BAY AND HIGHLAND AVE,MONTCLAIR,07042,34013,"Essex County, NJ",34031,"Passaic County, NJ",Alternative,NJ,1
310076,SAINT BARNABAS MEDICAL CENTER,94 OLD SHORT HILLS ROAD,LIVINGSTON,07039,34013,"Essex County, NJ",34031,"Passaic County, NJ",Alternative,NJ,1
310083,EAST ORANGE GENERAL HOSPITAL,300 CENTRAL AVE,EAST ORANGE,07018,34013,"Essex County, NJ",34031,"Passaic County, NJ",Alternative,NJ,1
310096,"SAINT MICHAEL'S MEDICAL CENTER, INC",111 CENTRAL AVENUE,NEWARK,07102,34013,"Essex County, NJ",34031,"Passaic County, NJ",Alternative,NJ,1
310119,UNIVERSITY HOSPITAL,150 BERGEN ST,NEWARK,07103,34013,"Essex County, NJ",34031,"Passaic County, NJ",Alternative,NJ,1
310002,NEWARK BETH ISRAEL MEDICAL CENTER,201 LYONS AVE,NEWARK,07112,34013,"Essex County, NJ",36005,"Bronx County, NY",Alternative,NJ,2
310009,CLARA MAASS MEDICAL CENTER,ONE CLARA MAAS DRIVE,BELLEVILLE,07109,34013,"Essex County, NJ",36005,"Bronx County, NY",Alternative,NJ,2
310054,HACKENSACK-UMC MOUNTAINSIDE,BAY AND HIGHLAND AVE,MONTCLAIR,07042,34013,"Essex County, NJ",36005,"Bronx County, NY",Alternative,NJ,2
310076,SAINT BARNABAS MEDICAL CENTER,94 OLD SHORT HILLS ROAD,LIVINGSTON,07039,34013,"Essex County, NJ",36005,"Bronx County, NY",Alternative,NJ,2
310083,EAST ORANGE GENERAL HOSPITAL,300 CENTRAL AVE,EAST ORANGE,07018,34013,"Essex County, NJ",36005,"Bronx County, NY",Alternative,NJ,2
310096,"SAINT MICHAEL'S MEDICAL CENTER, INC",111 CENTRAL AVENUE,NEWARK,07102,34013,"Essex County, NJ",36005,"Bronx County, NY",Alternative,NJ,2
310119,UNIVERSITY HOSPITAL,150 BERGEN ST,NEWARK,07103,34013,"Essex County, NJ",36005,"Bronx County, NY",Alternative,NJ,2
310002,NEWARK BETH ISRAEL MEDICAL CENTER,201 LYONS AVE,NEWARK,07112,34013,"Essex County, NJ",36047,"Kings County, NY",Alternative,NJ,2
310009,CLARA MAASS MEDICAL CENTER,ONE CLARA MAAS DRIVE,BELLEVILLE,07109,34013,"Essex County, NJ",36047,"Kings County, NY",Alternative,NJ,2
310054,HACKENSACK-UMC MOUNTAINSIDE,BAY AND HIGHLAND AVE,MONTCLAIR,07042,34013,"Essex County, NJ",36047,"Kings County, NY",Alternative,NJ,2
310076,SAINT BARNABAS MEDICAL CENTER,94 OLD SHORT HILLS ROAD,LIVINGSTON,07039,34013,"Essex County, NJ",36047,"Kings County, NY",Alternative,NJ,2
310083,EAST ORANGE GENERAL HOSPITAL,300 CENTRAL AVE,EAST ORANGE,07018,34013,"Essex County, NJ",36047,"Kings County, NY",Alternative,NJ,2
310096,"SAINT MICHAEL'S MEDICAL CENTER, INC",111 CENTRAL AVENUE,NEWARK,07102,34013,"Essex County, NJ",36047,"Kings County, NY",Alternative,NJ,2
310119,UNIVERSITY HOSPITAL,150 BERGEN ST,NEWARK,07103,34013,"Essex County, NJ",36047,"Kings County, NY",Alternative,NJ,2
310002,NEWARK BETH ISRAEL MEDICAL CENTER,201 LYONS AVE,NEWARK,07112,34013,"Essex County, NJ",36061,"New York County, NY",Alternative,NJ,2
310009,CLARA MAASS MEDICAL CENTER,ONE CLARA MAAS DRIVE,BELLEVILLE,07109,34013,"Essex County, NJ",36061,"New York County, NY",Alternative,NJ,2
310054,HACKENSACK-UMC MOUNTAINSIDE,BAY AND HIGHLAND AVE,MONTCLAIR,07042,34013,"Essex County, NJ",36061,"New York County, NY",Alternative,NJ,2
310076,SAINT BARNABAS MEDICAL CENTER,94 OLD SHORT HILLS ROAD,LIVINGSTON,07039,34013,"Essex County, NJ",36061,"New York County, NY",Alternative,NJ,2
310083,EAST ORANGE GENERAL HOSPITAL,300 CENTRAL AVE,EAST ORANGE,07018,34013,"Essex County, NJ",36061,"New York County, NY",Alternative,NJ,2
310096,"SAINT MICHAEL'S MEDICAL CENTER, INC",111 CENTRAL AVENUE,NEWARK,07102,34013,"Essex County, NJ",36061,"New York County, NY",Alternative,NJ,2
310119,UNIVERSITY HOSPITAL,150 BERGEN ST,NEWARK,07103,34013,"Essex County, NJ",36061,"New York County, NY",Alternative,NJ,2
310002,NEWARK BETH ISRAEL MEDICAL CENTER,201 LYONS AVE,NEWARK,07112,34013,"Essex County, NJ",36079,"Putnam County, NY",Alternative,NJ,3
310009,CLARA MAASS MEDICAL CENTER,ONE CLARA MAAS DRIVE,BELLEVILLE,07109,34013,"Essex County, NJ",36079,"Putnam County, NY",Alternative,NJ,3
310054,HACKENSACK-UMC MOUNTAINSIDE,BAY AND HIGHLAND AVE,MONTCLAIR,07042,34013,"Essex County, NJ",36079,"Putnam County, NY",Alternative,NJ,3
310076,SAINT BARNABAS MEDICAL CENTER,94 OLD SHORT HILLS ROAD,LIVINGSTON,07039,34013,"Essex County, NJ",36079,"Putnam County, NY",Alternative,NJ,3
310083,EAST ORANGE GENERAL HOSPITAL,300 CENTRAL AVE,EAST ORANGE,07018,34013,"Essex County, NJ",36079,"Putnam County, NY",Alternative,NJ,3
310096,"SAINT MICHAEL'S MEDICAL CENTER, INC",111 CENTRAL AVENUE,NEWARK,07102,34013,"Essex County, NJ",36079,"Putnam County, NY",Alternative,NJ,3
310119,UNIVERSITY HOSPITAL,150 BERGEN ST,NEWARK,07103,34013,"Essex County, NJ",36079,"Putnam County, NY",Alternative,NJ,3
310002,NEWARK BETH ISRAEL MEDICAL CENTER,201 LYONS AVE,NEWARK,07112,34013,"Essex County, NJ",36081,"Queens County, NY",Alternative,NJ,3
310009,CLARA MAASS MEDICAL CENTER,ONE CLARA MAAS DRIVE,BELLEVILLE,07109,34013,"Essex County, NJ",36081,"Queens County, NY",Alternative,NJ,3
310054,HACKENSACK-UMC MOUNTAINSIDE,BAY AND HIGHLAND AVE,MONTCLAIR,07042,34013,"Essex County, NJ",36081,"Queens County, NY",Alternative,NJ,3
310076,SAINT BARNABAS MEDICAL CENTER,94 OLD SHORT HILLS ROAD,LIVINGSTON,07039,34013,"Essex County, NJ",36081,"Queens County, NY",Alternative,NJ,3
310083,EAST ORANGE GENERAL HOSPITAL,300 CENTRAL AVE,EAST ORANGE,07018,34013,"Essex County, NJ",36081,"Queens County, NY",Alternative,NJ,3
310096,"SAINT MICHAEL'S MEDICAL CENTER, INC",111 CENTRAL AVENUE,NEWARK,07102,34013,"Essex County, NJ",36081,"Queens County, NY",Alternative,NJ,3
310119,UNIVERSITY HOSPITAL,150 BERGEN ST,NEWARK,07103,34013,"Essex County, NJ",36081,"Queens County, NY",Alternative,NJ,3
310002,NEWARK BETH ISRAEL MEDICAL CENTER,201 LYONS AVE,NEWARK,07112,34013,"Essex County, NJ",36085,"Richmond County, NY",Alternative,NJ,2
310009,CLARA MAASS MEDICAL CENTER,ONE CLARA MAAS DRIVE,BELLEVILLE,07109,34013,"Essex County, NJ",36085,"Richmond County, NY",Alternative,NJ,2
310054,HACKENSACK-UMC MOUNTAINSIDE,BAY AND HIGHLAND AVE,MONTCLAIR,07042,34013,"Essex County, NJ",36085,"Richmond County, NY",Alternative,NJ,2
310076,SAINT BARNABAS MEDICAL CENTER,94 OLD SHORT HILLS ROAD,LIVINGSTON,07039,34013,"Essex County, NJ",36085,"Richmond County, NY",Alternative,NJ,2
310083,EAST ORANGE GENERAL HOSPITAL,300 CENTRAL AVE,EAST ORANGE,07018,34013,"Essex County, NJ",36085,"Richmond County, NY",Alternative,NJ,2
310096,"SAINT MICHAEL'S MEDICAL CENTER, INC",111 CENTRAL AVENUE,NEWARK,07102,34013,"Essex County, NJ",36085,"Richmond County, NY",Alternative,NJ,2
310119,UNIVERSITY HOSPITAL,150 BERGEN ST,NEWARK,07103,34013,"Essex County, NJ",36085,"Richmond County, NY",Alternative,NJ,2
310002,NEWARK BETH ISRAEL MEDICAL CENTER,201 LYONS AVE,NEWARK,07112,34013,"Essex County, NJ",36087,"Rockland County, NY",Alternative,NJ,2
310009,CLARA MAASS MEDICAL CENTER,ONE CLARA MAAS DRIVE,BELLEVILLE,07109,34013,"Essex County, NJ",36087,"Rockland County, NY",Alternative,NJ,2
310054,HACKENSACK-UMC MOUNTAINSIDE,BAY AND HIGHLAND AVE,MONTCLAIR,07042,34013,"Essex County, NJ",36087,"Rockland County, NY",Alternative,NJ,2
310076,SAINT BARNABAS MEDICAL CENTER,94 OLD SHORT HILLS ROAD,LIVINGSTON,07039,34013,"Essex County, NJ",36087,"Rockland County, NY",Alternative,NJ,2
310083,EAST ORANGE GENERAL HOSPITAL,300 CENTRAL AVE,EAST ORANGE,07018,34013,"Essex County, NJ",36087,"Rockland County, NY",Alternative,NJ,2
310096,"SAINT MICHAEL'S MEDICAL CENTER, INC",111 CENTRAL AVENUE,NEWARK,07102,34013,"Essex County, NJ",36087,"Rockland County, NY",Alternative,NJ,2
310119,UNIVERSITY HOSPITAL,150 BERGEN ST,NEWARK,07103,34013,"Essex County, NJ",36087,"Rockland County, NY",Alternative,NJ,2
310002,NEWARK BETH ISRAEL MEDICAL CENTER,201 LYONS AVE,NEWARK,07112,34013,"Essex County, NJ",36119,"Westchester County, NY",Alternative,NJ,2
310009,CLARA MAASS MEDICAL CENTER,ONE CLARA MAAS DRIVE,BELLEVILLE,07109,34013,"Essex County, NJ",36119,"Westchester County, NY",Alternative,NJ,2
310054,HACKENSACK-UMC MOUNTAINSIDE,BAY AND HIGHLAND AVE,MONTCLAIR,07042,34013,"Essex County, NJ",36119,"Westchester County, NY",Alternative,NJ,2
310076,SAINT BARNABAS MEDICAL CENTER,94 OLD SHORT HILLS ROAD,LIVINGSTON,07039,34013,"Essex County, NJ",36119,"Westchester County, NY",Alternative,NJ,2
310083,EAST ORANGE GENERAL HOSPITAL,300 CENTRAL AVE,EAST ORANGE,07018,34013,"Essex County, NJ",36119,"Westchester County, NY",Alternative,NJ,2
310096,"SAINT MICHAEL'S MEDICAL CENTER, INC",111 CENTRAL AVENUE,NEWARK,07102,34013,"Essex County, NJ",36119,"Westchester County, NY",Alternative,NJ,2
310119,UNIVERSITY HOSPITAL,150 BERGEN ST,NEWARK,07103,34013,"Essex County, NJ",36119,"Westchester County, NY",Alternative,NJ,2
310038,ROBERT WOOD JOHNSON UNIVERSITY HOSPITAL,ONE ROBERT WOOD JOHNSON PL,NEW BRUNSWICK,08901,34023,"Middlesex County, NJ",34003,"Bergen County, NJ",Alternative,NJ,3
310039,RARITAN BAY MEDICAL CENTER,530 NEW BRUNSWICK AVE,PERTH AMBOY,08861,34023,"Middlesex County, NJ",34003,"Bergen County, NJ",Alternative,NJ,3
310070,SAINT PETER'S UNIVERSITY HOSPITAL,254 EASTON AVE,NEW BRUNSWICK,08901,34023,"Middlesex County, NJ",34003,"Bergen County, NJ",Alternative,NJ,3
310108,JFK MEDICAL CTR - ANTHONY M. YELENCSICS COMMUNITY,65 JAMES STREET,EDISON,08818,34023,"Middlesex County, NJ",34003,"Bergen County, NJ",Alternative,NJ,3
310038,ROBERT WOOD JOHNSON UNIVERSITY HOSPITAL,ONE ROBERT WOOD JOHNSON PL,NEW BRUNSWICK,08901,34023,"Middlesex County, NJ",34017,"Hudson County, NJ",Alternative,NJ,2
310039,RARITAN BAY MEDICAL CENTER,530 NEW BRUNSWICK AVE,PERTH AMBOY,08861,34023,"Middlesex County, NJ",34017,"Hudson County, NJ",Alternative,NJ,2
310070,SAINT PETER'S UNIVERSITY HOSPITAL,254 EASTON AVE,NEW BRUNSWICK,08901,34023,"Middlesex County, NJ",34017,"Hudson County, NJ",Alternative,NJ,2
310108,JFK MEDICAL CTR - ANTHONY M. YELENCSICS COMMUNITY,65 JAMES STREET,EDISON,08818,34023,"Middlesex County, NJ",34017,"Hudson County, NJ",Alternative,NJ,2
310038,ROBERT WOOD JOHNSON UNIVERSITY HOSPITAL,ONE ROBERT WOOD JOHNSON PL,NEW BRUNSWICK,08901,34023,"Middlesex County, NJ",34031,"Passaic County, NJ",Alternative,NJ,3
310039,RARITAN BAY MEDICAL CENTER,530 NEW BRUNSWICK AVE,PERTH AMBOY,08861,34023,"Middlesex County, NJ",34031,"Passaic County, NJ",Alternative,NJ,3
310070,SAINT PETER'S UNIVERSITY HOSPITAL,254 EASTON AVE,NEW BRUNSWICK,08901,34023,"Middlesex County, NJ",34031,"Passaic County, NJ",Alternative,NJ,3
310108,JFK MEDICAL CTR - ANTHONY M. YELENCSICS COMMUNITY,65 JAMES STREET,EDISON,08818,34023,"Middlesex County, NJ",34031,"Passaic County, NJ",Alternative,NJ,3
310038,ROBERT WOOD JOHNSON UNIVERSITY HOSPITAL,ONE ROBERT WOOD JOHNSON PL,NEW BRUNSWICK,08901,34023,"Middlesex County, NJ",36005,"Bronx County, NY",Alternative,NJ,3
310039,RARITAN BAY MEDICAL CENTER,530 NEW BRUNSWICK AVE,PERTH AMBOY,08861,34023,"Middlesex County, NJ",36005,"Bronx County, NY",Alternative,NJ,3
310070,SAINT PETER'S UNIVERSITY HOSPITAL,254 EASTON AVE,NEW BRUNSWICK,08901,34023,"Middlesex County, NJ",36005,"Bronx County, NY",Alternative,NJ,3
310108,JFK MEDICAL CTR - ANTHONY M. YELENCSICS COMMUNITY,65 JAMES STREET,EDISON,08818,34023,"Middlesex County, NJ",36005,"Bronx County, NY",Alternative,NJ,3
310038,ROBERT WOOD JOHNSON UNIVERSITY HOSPITAL,ONE ROBERT WOOD JOHNSON PL,NEW BRUNSWICK,08901,34023,"Middlesex County, NJ",36047,"Kings County, NY",Alternative,NJ,2
310039,RARITAN BAY MEDICAL CENTER,530 NEW BRUNSWICK AVE,PERTH AMBOY,08861,34023,"Middlesex County, NJ",36047,"Kings County, NY",Alternative,NJ,2
310070,SAINT PETER'S UNIVERSITY HOSPITAL,254 EASTON AVE,NEW BRUNSWICK,08901,34023,"Middlesex County, NJ",36047,"Kings County, NY",Alternative,NJ,2
310108,JFK MEDICAL CTR - ANTHONY M. YELENCSICS COMMUNITY,65 JAMES STREET,EDISON,08818,34023,"Middlesex County, NJ",36047,"Kings County, NY",Alternative,NJ,2
310038,ROBERT WOOD JOHNSON UNIVERSITY HOSPITAL,ONE ROBERT WOOD JOHNSON PL,NEW BRUNSWICK,08901,34023,"Middlesex County, NJ",36061,"New York County, NY",Alternative,NJ,3
310039,RARITAN BAY MEDICAL CENTER,530 NEW BRUNSWICK AVE,PERTH AMBOY,08861,34023,"Middlesex County, NJ",36061,"New York County, NY",Alternative,NJ,3
310070,SAINT PETER'S UNIVERSITY HOSPITAL,254 EASTON AVE,NEW BRUNSWICK,08901,34023,"Middlesex County, NJ",36061,"New York County, NY",Alternative,NJ,3
310108,JFK MEDICAL CTR - ANTHONY M. YELENCSICS COMMUNITY,65 JAMES STREET,EDISON,08818,34023,"Middlesex County, NJ",36061,"New York County, NY",Alternative,NJ,3
310038,ROBERT WOOD JOHNSON UNIVERSITY HOSPITAL,ONE ROBERT WOOD JOHNSON PL,NEW BRUNSWICK,08901,34023,"Middlesex County, NJ",36079,"Putnam County, NY",Alternative,NJ,5
310039,RARITAN BAY MEDICAL CENTER,530 NEW BRUNSWICK AVE,PERTH AMBOY,08861,34023,"Middlesex County, NJ",36079,"Putnam County, NY",Alternative,NJ,5
310070,SAINT PETER'S UNIVERSITY HOSPITAL,254 EASTON AVE,NEW BRUNSWICK,08901,34023,"Middlesex County, NJ",36079,"Putnam County, NY",Alternative,NJ,5
310108,JFK MEDICAL CTR - ANTHONY M. YELENCSICS COMMUNITY,65 JAMES STREET,EDISON,08818,34023,"Middlesex County, NJ",36079,"Putnam County, NY",Alternative,NJ,5
310038,ROBERT WOOD JOHNSON UNIVERSITY HOSPITAL,ONE ROBERT WOOD JOHNSON PL,NEW BRUNSWICK,08901,34023,"Middlesex County, NJ",36081,"Queens County, NY",Alternative,NJ,2
310039,RARITAN BAY MEDICAL CENTER,530 NEW BRUNSWICK AVE,PERTH AMBOY,08861,34023,"Middlesex County, NJ",36081,"Queens County, NY",Alternative,NJ,2
310070,SAINT PETER'S UNIVERSITY HOSPITAL,254 EASTON AVE,NEW BRUNSWICK,08901,34023,"Middlesex County, NJ",36081,"Queens County, NY",Alternative,NJ,2
310108,JFK MEDICAL CTR - ANTHONY M. YELENCSICS COMMUNITY,65 JAMES STREET,EDISON,08818,34023,"Middlesex County, NJ",36081,"Queens County, NY",Alternative,NJ,2
310038,ROBERT WOOD JOHNSON UNIVERSITY HOSPITAL,ONE ROBERT WOOD JOHNSON PL,NEW BRUNSWICK,08901,34023,"Middlesex County, NJ",36085,"Richmond County, NY",Alternative,NJ,1
310039,RARITAN BAY MEDICAL CENTER,530 NEW BRUNSWICK AVE,PERTH AMBOY,08861,34023,"Middlesex County, NJ",36085,"Richmond County, NY",Alternative,NJ,1
310070,SAINT PETER'S UNIVERSITY HOSPITAL,254 EASTON AVE,NEW BRUNSWICK,08901,34023,"Middlesex County, NJ",36085,"Richmond County, NY",Alternative,NJ,1
310108,JFK MEDICAL CTR - ANTHONY M. YELENCSICS COMMUNITY,65 JAMES STREET,EDISON,08818,34023,"Middlesex County, NJ",36085,"Richmond County, NY",Alternative,NJ,1
310038,ROBERT WOOD JOHNSON UNIVERSITY HOSPITAL,ONE ROBERT WOOD JOHNSON PL,NEW BRUNSWICK,08901,34023,"Middlesex County, NJ",36087,"Rockland County, NY",Alternative,NJ,4
310039,RARITAN BAY MEDICAL CENTER,530 NEW BRUNSWICK AVE,PERTH AMBOY,08861,34023,"Middlesex County, NJ",36087,"Rockland County, NY",Alternative,NJ,4
310070,SAINT PETER'S UNIVERSITY HOSPITAL,254 EASTON AVE,NEW BRUNSWICK,08901,34023,"Middlesex County, NJ",36087,"Rockland County, NY",Alternative,NJ,4
310108,JFK MEDICAL CTR - ANTHONY M. YELENCSICS COMMUNITY,65 JAMES STREET,EDISON,08818,34023,"Middlesex County, NJ",36087,"Rockland County, NY",Alternative,NJ,4
310038,ROBERT WOOD JOHNSON UNIVERSITY HOSPITAL,ONE ROBERT WOOD JOHNSON PL,NEW BRUNSWICK,08901,34023,"Middlesex County, NJ",36119,"Westchester County, NY",Alternative,NJ,4
310039,RARITAN BAY MEDICAL CENTER,530 NEW BRUNSWICK AVE,PERTH AMBOY,08861,34023,"Middlesex County, NJ",36119,"Westchester County, NY",Alternative,NJ,4
310070,SAINT PETER'S UNIVERSITY HOSPITAL,254 EASTON AVE,NEW BRUNSWICK,08901,34023,"Middlesex County, NJ",36119,"Westchester County, NY",Alternative,NJ,4
310108,JFK MEDICAL CTR - ANTHONY M. YELENCSICS COMMUNITY,65 JAMES STREET,EDISON,08818,34023,"Middlesex County, NJ",36119,"Westchester County, NY",Alternative,NJ,4
310015,MORRISTOWN MEDICAL CENTER,100 MADISON AVE,MORRISTOWN,07962,34027,"Morris County, NJ",34003,"Bergen County, NJ",Alternative,NJ,2
310017,CHILTON MEDICAL CENTER,97 WEST PARKWAY,POMPTON PLAINS,07444,34027,"Morris County, NJ",34003,"Bergen County, NJ",Alternative,NJ,2
310050,SAINT CLARE'S HOSPITAL,25 POCONO ROAD,DENVILLE,07834,34027,"Morris County, NJ",34003,"Bergen County, NJ",Alternative,NJ,2
310015,MORRISTOWN MEDICAL CENTER,100 MADISON AVE,MORRISTOWN,07962,34027,"Morris County, NJ",34017,"Hudson County, NJ",Alternative,NJ,2
310017,CHILTON MEDICAL CENTER,97 WEST PARKWAY,POMPTON PLAINS,07444,34027,"Morris County, NJ",34017,"Hudson County, NJ",Alternative,NJ,2
310050,SAINT CLARE'S HOSPITAL,25 POCONO ROAD,DENVILLE,07834,34027,"Morris County, NJ",34017,"Hudson County, NJ",Alternative,NJ,2
310015,MORRISTOWN MEDICAL CENTER,100 MADISON AVE,MORRISTOWN,07962,34027,"Morris County, NJ",34031,"Passaic County, NJ",Alternative,NJ,1
310017,CHILTON MEDICAL CENTER,97 WEST PARKWAY,POMPTON PLAINS,07444,34027,"Morris County, NJ",34031,"Passaic County, NJ",Alternative,NJ,1
310050,SAINT CLARE'S HOSPITAL,25 POCONO ROAD,DENVILLE,07834,34027,"Morris County, NJ",34031,"Passaic County, NJ",Alternative,NJ,1
310015,MORRISTOWN MEDICAL CENTER,100 MADISON AVE,MORRISTOWN,07962,34027,"Morris County, NJ",36005,"Bronx County, NY",Alternative,NJ,3
310017,CHILTON MEDICAL CENTER,97 WEST PARKWAY,POMPTON PLAINS,07444,34027,"Morris County, NJ",36005,"Bronx County, NY",Alternative,NJ,3
310050,SAINT CLARE'S HOSPITAL,25 POCONO ROAD,DENVILLE,07834,34027,"Morris County, NJ",36005,"Bronx County, NY",Alternative,NJ,3
310015,MORRISTOWN MEDICAL CENTER,100 MADISON AVE,MORRISTOWN,07962,34027,"Morris County, NJ",36047,"Kings County, NY",Alternative,NJ,3
310017,CHILTON MEDICAL CENTER,97 WEST PARKWAY,POMPTON PLAINS,07444,34027,"Morris County, NJ",36047,"Kings County, NY",Alternative,NJ,3
310050,SAINT CLARE'S HOSPITAL,25 POCONO ROAD,DENVILLE,07834,34027,"Morris County, NJ",36047,"Kings County, NY",Alternative,NJ,3
310015,MORRISTOWN MEDICAL CENTER,100 MADISON AVE,MORRISTOWN,07962,34027,"Morris County, NJ",36061,"New York County, NY",Alternative,NJ,3
310017,CHILTON MEDICAL CENTER,97 WEST PARKWAY,POMPTON PLAINS,07444,34027,"Morris County, NJ",36061,"New York County, NY",Alternative,NJ,3
310050,SAINT CLARE'S HOSPITAL,25 POCONO ROAD,DENVILLE,07834,34027,"Morris County, NJ",36061,"New York County, NY",Alternative,NJ,3
310015,MORRISTOWN MEDICAL CENTER,100 MADISON AVE,MORRISTOWN,07962,34027,"Morris County, NJ",36079,"Putnam County, NY",Alternative,NJ,3
310017,CHILTON MEDICAL CENTER,97 WEST PARKWAY,POMPTON PLAINS,07444,34027,"Morris County, NJ",36079,"Putnam County, NY",Alternative,NJ,3
310050,SAINT CLARE'S HOSPITAL,25 POCONO ROAD,DENVILLE,07834,34027,"Morris County, NJ",36079,"Putnam County, NY",Alternative,NJ,3
310015,MORRISTOWN MEDICAL CENTER,100 MADISON AVE,MORRISTOWN,07962,34027,"Morris County, NJ",36081,"Queens County, NY",Alternative,NJ,3
310017,CHILTON MEDICAL CENTER,97 WEST PARKWAY,POMPTON PLAINS,07444,34027,"Morris County, NJ",36081,"Queens County, NY",Alternative,NJ,3
310050,SAINT CLARE'S HOSPITAL,25 POCONO ROAD,DENVILLE,07834,34027,"Morris County, NJ",36081,"Queens County, NY",Alternative,NJ,3
310015,MORRISTOWN MEDICAL CENTER,100 MADISON AVE,MORRISTOWN,07962,34027,"Morris County, NJ",36085,"Richmond County, NY",Alternative,NJ,2
310017,CHILTON MEDICAL CENTER,97 WEST PARKWAY,POMPTON PLAINS,07444,34027,"Morris County, NJ",36085,"Richmond County, NY",Alternative,NJ,2
310050,SAINT CLARE'S HOSPITAL,25 POCONO ROAD,DENVILLE,07834,34027,"Morris County, NJ",36085,"Richmond County, NY",Alternative,NJ,2
310015,MORRISTOWN MEDICAL CENTER,100 MADISON AVE,MORRISTOWN,07962,34027,"Morris County, NJ",36087,"Rockland County, NY",Alternative,NJ,2
310017,CHILTON MEDICAL CENTER,97 WEST PARKWAY,POMPTON PLAINS,07444,34027,"Morris County, NJ",36087,"Rockland County, NY",Alternative,NJ,2
310050,SAINT CLARE'S HOSPITAL,25 POCONO ROAD,DENVILLE,07834,34027,"Morris County, NJ",36087,"Rockland County, NY",Alternative,NJ,2
310015,MORRISTOWN MEDICAL CENTER,100 MADISON AVE,MORRISTOWN,07962,34027,"Morris County, NJ",36119,"Westchester County, NY",Alternative,NJ,3
310017,CHILTON MEDICAL CENTER,97 WEST PARKWAY,POMPTON PLAINS,07444,34027,"Morris County, NJ",36119,"Westchester County, NY",Alternative,NJ,3
310050,SAINT CLARE'S HOSPITAL,25 POCONO ROAD,DENVILLE,07834,34027,"Morris County, NJ",36119,"Westchester County, NY",Alternative,NJ,3
330023,VASSAR BROTHERS MEDICAL CENTER,45 READE PLACE,POUGHKEEPSIE,12601,36027,"Dutchess County, NY",34003,"Bergen County, NJ",Alternative,NY,3
330049,NORTHERN DUTCHESS HOSPITAL,6511 SPRINGBROOK AVENUE,RHINEBECK,12572,36027,"Dutchess County, NY",34003,"Bergen County, NJ",Alternative,NY,3
330067,ST FRANCIS HOSPITAL,241 NORTH ROAD,POUGHKEEPSIE,12601,36027,"Dutchess County, NY",34003,"Bergen County, NJ",Alternative,NY,3
330023,VASSAR BROTHERS MEDICAL CENTER,45 READE PLACE,POUGHKEEPSIE,12601,36027,"Dutchess County, NY",34017,"Hudson County, NJ",Alternative,NY,4
330049,NORTHERN DUTCHESS HOSPITAL,6511 SPRINGBROOK AVENUE,RHINEBECK,12572,36027,"Dutchess County, NY",34017,"Hudson County, NJ",Alternative,NY,4
330067,ST FRANCIS HOSPITAL,241 NORTH ROAD,POUGHKEEPSIE,12601,36027,"Dutchess County, NY",34017,"Hudson County, NJ",Alternative,NY,4
330023,VASSAR BROTHERS MEDICAL CENTER,45 READE PLACE,POUGHKEEPSIE,12601,36027,"Dutchess County, NY",34031,"Passaic County, NJ",Alternative,NY,2
330049,NORTHERN DUTCHESS HOSPITAL,6511 SPRINGBROOK AVENUE,RHINEBECK,12572,36027,"Dutchess County, NY",34031,"Passaic County, NJ",Alternative,NY,2
330067,ST FRANCIS HOSPITAL,241 NORTH ROAD,POUGHKEEPSIE,12601,36027,"Dutchess County, NY",34031,"Passaic County, NJ",Alternative,NY,2
330023,VASSAR BROTHERS MEDICAL CENTER,45 READE PLACE,POUGHKEEPSIE,12601,36027,"Dutchess County, NY",36005,"Bronx County, NY",Alternative,NY,3
330049,NORTHERN DUTCHESS HOSPITAL,6511 SPRINGBROOK AVENUE,RHINEBECK,12572,36027,"Dutchess County, NY",36005,"Bronx County, NY",Alternative,NY,3
330067,ST FRANCIS HOSPITAL,241 NORTH ROAD,POUGHKEEPSIE,12601,36027,"Dutchess County, NY",36005,"Bronx County, NY",Alternative,NY,3
330023,VASSAR BROTHERS MEDICAL CENTER,45 READE PLACE,POUGHKEEPSIE,12601,36027,"Dutchess County, NY",36047,"Kings County, NY",Alternative,NY,4
330049,NORTHERN DUTCHESS HOSPITAL,6511 SPRINGBROOK AVENUE,RHINEBECK,12572,36027,"Dutchess County, NY",36047,"Kings County, NY",Alternative,NY,4
330067,ST FRANCIS HOSPITAL,241 NORTH ROAD,POUGHKEEPSIE,12601,36027,"Dutchess County, NY",36047,"Kings County, NY",Alternative,NY,4
330023,VASSAR BROTHERS MEDICAL CENTER,45 READE PLACE,POUGHKEEPSIE,12601,36027,"Dutchess County, NY",36061,"New York County, NY",Alternative,NY,4
330049,NORTHERN DUTCHESS HOSPITAL,6511 SPRINGBROOK AVENUE,RHINEBECK,12572,36027,"Dutchess County, NY",36061,"New York County, NY",Alternative,NY,4
330067,ST FRANCIS HOSPITAL,241 NORTH ROAD,POUGHKEEPSIE,12601,36027,"Dutchess County, NY",36061,"New York County, NY",Alternative,NY,4
330023,VASSAR BROTHERS MEDICAL CENTER,45 READE PLACE,POUGHKEEPSIE,12601,36027,"Dutchess County, NY",36079,"Putnam County, NY",Alternative,NY,1
330049,NORTHERN DUTCHESS HOSPITAL,6511 SPRINGBROOK AVENUE,RHINEBECK,12572,36027,"Dutchess County, NY",36079,"Putnam County, NY",Alternative,NY,1
330067,ST FRANCIS HOSPITAL,241 NORTH ROAD,POUGHKEEPSIE,12601,36027,"Dutchess County, NY",36079,"Putnam County, NY",Alternative,NY,1
330023,VASSAR BROTHERS MEDICAL CENTER,45 READE PLACE,POUGHKEEPSIE,12601,36027,"Dutchess County, NY",36081,"Queens County, NY",Alternative,NY,3
330049,NORTHERN DUTCHESS HOSPITAL,6511 SPRINGBROOK AVENUE,RHINEBECK,12572,36027,"Dutchess County, NY",36081,"Queens County, NY",Alternative,NY,3
330067,ST FRANCIS HOSPITAL,241 NORTH ROAD,POUGHKEEPSIE,12601,36027,"Dutchess County, NY",36081,"Queens County, NY",Alternative,NY,3
330023,VASSAR BROTHERS MEDICAL CENTER,45 READE PLACE,POUGHKEEPSIE,12601,36027,"Dutchess County, NY",36085,"Richmond County, NY",Alternative,NY,4
330049,NORTHERN DUTCHESS HOSPITAL,6511 SPRINGBROOK AVENUE,RHINEBECK,12572,36027,"Dutchess County, NY",36085,"Richmond County, NY",Alternative,NY,4
330067,ST FRANCIS HOSPITAL,241 NORTH ROAD,POUGHKEEPSIE,12601,36027,"Dutchess County, NY",36085,"Richmond County, NY",Alternative,NY,4
330023,VASSAR BROTHERS MEDICAL CENTER,45 READE PLACE,POUGHKEEPSIE,12601,36027,"Dutchess County, NY",36087,"Rockland County, NY",Alternative,NY,2
330049,NORTHERN DUTCHESS HOSPITAL,6511 SPRINGBROOK AVENUE,RHINEBECK,12572,36027,"Dutchess County, NY",36087,"Rockland County, NY",Alternative,NY,2
330067,ST FRANCIS HOSPITAL,241 NORTH ROAD,POUGHKEEPSIE,12601,36027,"Dutchess County, NY",36087,"Rockland County, NY",Alternative,NY,2
330023,VASSAR BROTHERS MEDICAL CENTER,45 READE PLACE,POUGHKEEPSIE,12601,36027,"Dutchess County, NY",36119,"Westchester County, NY",Alternative,NY,2
330049,NORTHERN DUTCHESS HOSPITAL,6511 SPRINGBROOK AVENUE,RHINEBECK,12572,36027,"Dutchess County, NY",36119,"Westchester County, NY",Alternative,NY,2
330067,ST FRANCIS HOSPITAL,241 NORTH ROAD,POUGHKEEPSIE,12601,36027,"Dutchess County, NY",36119,"Westchester County, NY",Alternative,NY,2
330126,ORANGE REGIONAL MEDICAL CENTER,707 EAST MAIN STREET,MIDDLETOWN,10940,36071,"Orange County, NY",34003,"Bergen County, NJ",Alternative,NY,2
330135,BON SECOURS COMMUNITY HOSPITAL,160 EAST MAIN STREET,PORT JERVIS,12771,36071,"Orange County, NY",34003,"Bergen County, NJ",Alternative,NY,2
330205,ST ANTHONY COMMUNITY HOSPITAL,15 - 19  MAPLE AVENUE,WARWICK,10990,36071,"Orange County, NY",34003,"Bergen County, NJ",Alternative,NY,2
330264,ST LUKE'S CORNWALL HOSPITAL,70 DUBOIS STREET,NEWBURGH,12550,36071,"Orange County, NY",34003,"Bergen County, NJ",Alternative,NY,2
330126,ORANGE REGIONAL MEDICAL CENTER,707 EAST MAIN STREET,MIDDLETOWN,10940,36071,"Orange County, NY",34017,"Hudson County, NJ",Alternative,NY,3
330135,BON SECOURS COMMUNITY HOSPITAL,160 EAST MAIN STREET,PORT JERVIS,12771,36071,"Orange County, NY",34017,"Hudson County, NJ",Alternative,NY,3
330205,ST ANTHONY COMMUNITY HOSPITAL,15 - 19  MAPLE AVENUE,WARWICK,10990,36071,"Orange County, NY",34017,"Hudson County, NJ",Alternative,NY,3
330264,ST LUKE'S CORNWALL HOSPITAL,70 DUBOIS STREET,NEWBURGH,12550,36071,"Orange County, NY",34017,"Hudson County, NJ",Alternative,NY,3
330126,ORANGE REGIONAL MEDICAL CENTER,707 EAST MAIN STREET,MIDDLETOWN,10940,36071,"Orange County, NY",34031,"Passaic County, NJ",Alternative,NY,1
330135,BON SECOURS COMMUNITY HOSPITAL,160 EAST MAIN STREET,PORT JERVIS,12771,36071,"Orange County, NY",34031,"Passaic County, NJ",Alternative,NY,1
330205,ST ANTHONY COMMUNITY HOSPITAL,15 - 19  MAPLE AVENUE,WARWICK,10990,36071,"Orange County, NY",34031,"Passaic County, NJ",Alternative,NY,1
330264,ST LUKE'S CORNWALL HOSPITAL,70 DUBOIS STREET,NEWBURGH,12550,36071,"Orange County, NY",34031,"Passaic County, NJ",Alternative,NY,1
330126,ORANGE REGIONAL MEDICAL CENTER,707 EAST MAIN STREET,MIDDLETOWN,10940,36071,"Orange County, NY",36005,"Bronx County, NY",Alternative,NY,3
330135,BON SECOURS COMMUNITY HOSPITAL,160 EAST MAIN STREET,PORT JERVIS,12771,36071,"Orange County, NY",36005,"Bronx County, NY",Alternative,NY,3
330205,ST ANTHONY COMMUNITY HOSPITAL,15 - 19  MAPLE AVENUE,WARWICK,10990,36071,"Orange County, NY",36005,"Bronx County, NY",Alternative,NY,3
330264,ST LUKE'S CORNWALL HOSPITAL,70 DUBOIS STREET,NEWBURGH,12550,36071,"Orange County, NY",36005,"Bronx County, NY",Alternative,NY,3
330126,ORANGE REGIONAL MEDICAL CENTER,707 EAST MAIN STREET,MIDDLETOWN,10940,36071,"Orange County, NY",36047,"Kings County, NY",Alternative,NY,4
330135,BON SECOURS COMMUNITY HOSPITAL,160 EAST MAIN STREET,PORT JERVIS,12771,36071,"Orange County, NY",36047,"Kings County, NY",Alternative,NY,4
330205,ST ANTHONY COMMUNITY HOSPITAL,15 - 19  MAPLE AVENUE,WARWICK,10990,36071,"Orange County, NY",36047,"Kings County, NY",Alternative,NY,4
330264,ST LUKE'S CORNWALL HOSPITAL,70 DUBOIS STREET,NEWBURGH,12550,36071,"Orange County, NY",36047,"Kings County, NY",Alternative,NY,4
330126,ORANGE REGIONAL MEDICAL CENTER,707 EAST MAIN STREET,MIDDLETOWN,10940,36071,"Orange County, NY",36061,"New York County, NY",Alternative,NY,3
330135,BON SECOURS COMMUNITY HOSPITAL,160 EAST MAIN STREET,PORT JERVIS,12771,36071,"Orange County, NY",36061,"New York County, NY",Alternative,NY,3
330205,ST ANTHONY COMMUNITY HOSPITAL,15 - 19  MAPLE AVENUE,WARWICK,10990,36071,"Orange County, NY",36061,"New York County, NY",Alternative,NY,3
330264,ST LUKE'S CORNWALL HOSPITAL,70 DUBOIS STREET,NEWBURGH,12550,36071,"Orange County, NY",36061,"New York County, NY",Alternative,NY,3
330126,ORANGE REGIONAL MEDICAL CENTER,707 EAST MAIN STREET,MIDDLETOWN,10940,36071,"Orange County, NY",36079,"Putnam County, NY",Alternative,NY,1
330135,BON SECOURS COMMUNITY HOSPITAL,160 EAST MAIN STREET,PORT JERVIS,12771,36071,"Orange County, NY",36079,"Putnam County, NY",Alternative,NY,1
330205,ST ANTHONY COMMUNITY HOSPITAL,15 - 19  MAPLE AVENUE,WARWICK,10990,36071,"Orange County, NY",36079,"Putnam County, NY",Alternative,NY,1
330264,ST LUKE'S CORNWALL HOSPITAL,70 DUBOIS STREET,NEWBURGH,12550,36071,"Orange County, NY",36079,"Putnam County, NY",Alternative,NY,1
330126,ORANGE REGIONAL MEDICAL CENTER,707 EAST MAIN STREET,MIDDLETOWN,10940,36071,"Orange County, NY",36081,"Queens County, NY",Alternative,NY,4
330135,BON SECOURS COMMUNITY HOSPITAL,160 EAST MAIN STREET,PORT JERVIS,12771,36071,"Orange County, NY",36081,"Queens County, NY",Alternative,NY,4
330205,ST ANTHONY COMMUNITY HOSPITAL,15 - 19  MAPLE AVENUE,WARWICK,10990,36071,"Orange County, NY",36081,"Queens County, NY",Alternative,NY,4
330264,ST LUKE'S CORNWALL HOSPITAL,70 DUBOIS STREET,NEWBURGH,12550,36071,"Orange County, NY",36081,"Queens County, NY",Alternative,NY,4
330126,ORANGE REGIONAL MEDICAL CENTER,707 EAST MAIN STREET,MIDDLETOWN,10940,36071,"Orange County, NY",36085,"Richmond County, NY",Alternative,NY,4
330135,BON SECOURS COMMUNITY HOSPITAL,160 EAST MAIN STREET,PORT JERVIS,12771,36071,"Orange County, NY",36085,"Richmond County, NY",Alternative,NY,4
330205,ST ANTHONY COMMUNITY HOSPITAL,15 - 19  MAPLE AVENUE,WARWICK,10990,36071,"Orange County, NY",36085,"Richmond County, NY",Alternative,NY,4
330264,ST LUKE'S CORNWALL HOSPITAL,70 DUBOIS STREET,NEWBURGH,12550,36071,"Orange County, NY",36085,"Richmond County, NY",Alternative,NY,4
330126,ORANGE REGIONAL MEDICAL CENTER,707 EAST MAIN STREET,MIDDLETOWN,10940,36071,"Orange County, NY",36087,"Rockland County, NY",Alternative,NY,1
330135,BON SECOURS COMMUNITY HOSPITAL,160 EAST MAIN STREET,PORT JERVIS,12771,36071,"Orange County, NY",36087,"Rockland County, NY",Alternative,NY,1
330205,ST ANTHONY COMMUNITY HOSPITAL,15 - 19  MAPLE AVENUE,WARWICK,10990,36071,"Orange County, NY",36087,"Rockland County, NY",Alternative,NY,1
330264,ST LUKE'S CORNWALL HOSPITAL,70 DUBOIS STREET,NEWBURGH,12550,36071,"Orange County, NY",36087,"Rockland County, NY",Alternative,NY,1
330126,ORANGE REGIONAL MEDICAL CENTER,707 EAST MAIN STREET,MIDDLETOWN,10940,36071,"Orange County, NY",36119,"Westchester County, NY",Alternative,NY,2
330135,BON SECOURS COMMUNITY HOSPITAL,160 EAST MAIN STREET,PORT JERVIS,12771,36071,"Orange County, NY",36119,"Westchester County, NY",Alternative,NY,2
330205,ST ANTHONY COMMUNITY HOSPITAL,15 - 19  MAPLE AVENUE,WARWICK,10990,36071,"Orange County, NY",36119,"Westchester County, NY",Alternative,NY,2
330264,ST LUKE'S CORNWALL HOSPITAL,70 DUBOIS STREET,NEWBURGH,12550,36071,"Orange County, NY",36119,"Westchester County, NY",Alternative,NY,2
330224,HEALTH ALLIANCE HOSPITAL MARY'S AVENUE CAMPUS,105 MARY'S AVENUE,KINGSTON,12401,36111,"Ulster County, NY",36027,"Dutchess County, NY",Alternative,NY,1
330224,HEALTH ALLIANCE HOSPITAL MARY'S AVENUE CAMPUS,105 MARY'S AVENUE,KINGSTON,12401,36111,"Ulster County, NY",36071,"Orange County, NY",Alternative,NY,1
340068,COLUMBUS REGIONAL HEALTHCARE SYSTEM,500 JEFFERSON ST,WHITEVILLE,28472,37047,"Columbus County, NC",37019,"Brunswick County, NC",Alternative,NC,1
340068,COLUMBUS REGIONAL HEALTHCARE SYSTEM,500 JEFFERSON ST,WHITEVILLE,28472,37047,"Columbus County, NC",37129,"New Hanover County, NC",Current,NC,2
340068,COLUMBUS REGIONAL HEALTHCARE SYSTEM,500 JEFFERSON ST,WHITEVILLE,28472,37047,"Columbus County, NC",37141,"Pender County, NC",Current,NC,1
340042,ONSLOW MEMORIAL HOSPITAL,317 WESTERN BOULEVARD,JACKSONVILLE,28540,37133,"Onslow County, NC",37019,"Brunswick County, NC",Alternative,NC,2
340042,ONSLOW MEMORIAL HOSPITAL,317 WESTERN BOULEVARD,JACKSONVILLE,28540,37133,"Onslow County, NC",37129,"New Hanover County, NC",Current,NC,2
340042,ONSLOW MEMORIAL HOSPITAL,317 WESTERN BOULEVARD,JACKSONVILLE,28540,37133,"Onslow County, NC",37141,"Pender County, NC",Current,NC,1
420085,GRAND STRAND REGIONAL MEDICAL CENTER,809 82ND PARKWAY,MYRTLE BEACH,29572,45051,"Horry County, SC",37019,"Brunswick County, NC",Alternative,SC,1
420085,GRAND STRAND REGIONAL MEDICAL CENTER,809 82ND PARKWAY,MYRTLE BEACH,29572,45051,"Horry County, SC",37129,"New Hanover County, NC",Current,SC,2
420085,GRAND STRAND REGIONAL MEDICAL CENTER,809 82ND PARKWAY,MYRTLE BEACH,29572,45051,"Horry County, SC",37141,"Pender County, NC",Current,SC,2
510062,BECKLEY ARH HOSPITAL,306 STANAFORD ROAD,BECKLEY,25801,54081,"Raleigh County, WV",54005,"Boone County, WV",Current,WV,1
510070,RALEIGH GENERAL HOSPITAL,1710 HARPER ROAD,BECKLEY,25801,54081,"Raleigh County, WV",54005,"Boone County, WV",Current,WV,1
510062,BECKLEY ARH HOSPITAL,306 STANAFORD ROAD,BECKLEY,25801,54081,"Raleigh County, WV",54015,"Clay County, WV",Current,WV,2
510070,RALEIGH GENERAL HOSPITAL,1710 HARPER ROAD,BECKLEY,25801,54081,"Raleigh County, WV",54015,"Clay County, WV",Current,WV,2
510062,BECKLEY ARH HOSPITAL,306 STANAFORD ROAD,BECKLEY,25801,54081,"Raleigh County, WV",54039,"Kanawha County, WV",Current,WV,1
510070,RALEIGH GENERAL HOSPITAL,1710 HARPER ROAD,BECKLEY,25801,54081,"Raleigh County, WV",54039,"Kanawha County, WV",Current,WV,1
510062,BECKLEY ARH HOSPITAL,306 STANAFORD ROAD,BECKLEY,25801,54081,"Raleigh County, WV",54043,"Lincoln County, WV",Alternative,WV,2
510070,RALEIGH GENERAL HOSPITAL,1710 HARPER ROAD,BECKLEY,25801,54081,"Raleigh County, WV",54043,"Lincoln County, WV",Alternative,WV,2
510062,BECKLEY ARH HOSPITAL,306 STANAFORD ROAD,BECKLEY,25801,54081,"Raleigh County, WV",54079,"Putnam County, WV",Alternative,WV,2
510070,RALEIGH GENERAL HOSPITAL,1710 HARPER ROAD,BECKLEY,25801,54081,"Raleigh County, WV",54079,"Putnam County, WV",Alternative,WV,2
