ccn,facility_name,address,city,zip_code,fips1,fips1_name,fips2,fips2_name,fips2_cbsa,type,state,order,old_cbsa,old_cbsa_name
"140155","PRESENCE ST MARYS HOSPITAL","500 W COURT ST","KANKAKEE","60901","17091","Kankakee","17031","Cook","16974","Current","IL",2,"16974","Chicago-Joliet-Naperville, IL"
"140161","SAINT JAMES HOSPITAL","2500 WEST REYNOLDS STREET","PONTIAC","61764","17105","Livingston","17031","Cook","16974","Current","IL",3,"16974","Chicago-Joliet-Naperville, IL"
"150165","FRANCISCAN HEALTHCARE - MUNSTER","701 SUPERIOR AVE","MUNSTER","46321","18089","Lake","17031","Cook","16974","Current","IN",1,"16974","Chicago-Joliet-Naperville, IL"
"140110","OTTAWA REGIONAL HOSPITAL & HEALTHCARE CENTER","1100 EAST NORRIS DRIVE","OTTAWA","61350","17099","LaSalle","17031","Cook","16974","Current","IL",3,"16974","Chicago-Joliet-Naperville, IL"
"150004","FRANCISCAN ST MARGARET HEALTH - HAMMOND","5454 HOHMAN AVE","HAMMOND","46320","18089","Lake","17031","Cook","16974","Current","IN",1,"16974","Chicago-Joliet-Naperville, IL"
"150166","PINNACLE HOSPITAL","9301 CONNECTICUT DR","CROWN POINT","46307","18089","Lake","17031","Cook","16974","Current","IN",1,"16974","Chicago-Joliet-Naperville, IL"
"150125","COMMUNITY HOSPITAL","901 MACARTHUR BLVD","MUNSTER","46321","18089","Lake","17031","Cook","16974","Current","IN",1,"16974","Chicago-Joliet-Naperville, IL"
"150002","METHODIST HOSPITALS INC","600 GRANT ST","GARY","46402","18089","Lake","17031","Cook","16974","Current","IN",1,"16974","Chicago-Joliet-Naperville, IL"
"150126","FRANCISCAN ST ANTHONY HEALTH - CROWN POINT","1201 S MAIN ST","CROWN POINT","46307","18089","Lake","17031","Cook","16974","Current","IN",1,"16974","Chicago-Joliet-Naperville, IL"
"150008","ST CATHERINE HOSPITAL INC","4321 FIR ST","EAST CHICAGO","46312","18089","Lake","17031","Cook","16974","Current","IN",1,"16974","Chicago-Joliet-Naperville, IL"
"140012","KATHERINE SHAW BETHEA HOSPITAL","403 E 1ST ST","DIXON","61021","17103","Lee","17031","Cook","16974","Current","IL",3,"16974","Chicago-Joliet-Naperville, IL"
"150090","FRANCISCAN ST MARGARET HEALTH - DYER","24 JOLIET ST","DYER","46311","18089","Lake","17031","Cook","16974","Current","IN",1,"16974","Chicago-Joliet-Naperville, IL"
"140186","RIVERSIDE MEDICAL CENTER","350 N WALL ST","KANKAKEE","60901","17091","Kankakee","17031","Cook","16974","Current","IL",2,"16974","Chicago-Joliet-Naperville, IL"
"150034","ST MARY MEDICAL CENTER INC","1500 S LAKE PARK AVE","HOBART","46342","18089","Lake","17031","Cook","16974","Current","IN",1,"16974","Chicago-Joliet-Naperville, IL"
"150002","METHODIST HOSPITALS INC","600 GRANT ST","GARY","46402","18089","Lake","17037","DeKalb","20994","Alternative","IN",3,"16974","Chicago-Joliet-Naperville, IL"
"150166","PINNACLE HOSPITAL","9301 CONNECTICUT DR","CROWN POINT","46307","18089","Lake","17037","DeKalb","20994","Alternative","IN",3,"16974","Chicago-Joliet-Naperville, IL"
"150004","FRANCISCAN ST MARGARET HEALTH - HAMMOND","5454 HOHMAN AVE","HAMMOND","46320","18089","Lake","17037","DeKalb","20994","Alternative","IN",3,"16974","Chicago-Joliet-Naperville, IL"
"140155","PRESENCE ST MARYS HOSPITAL","500 W COURT ST","KANKAKEE","60901","17091","Kankakee","17037","DeKalb","20994","Alternative","IL",3,"16974","Chicago-Joliet-Naperville, IL"
"150034","ST MARY MEDICAL CENTER INC","1500 S LAKE PARK AVE","HOBART","46342","18089","Lake","17037","DeKalb","20994","Alternative","IN",3,"16974","Chicago-Joliet-Naperville, IL"
"150008","ST CATHERINE HOSPITAL INC","4321 FIR ST","EAST CHICAGO","46312","18089","Lake","17037","DeKalb","20994","Alternative","IN",3,"16974","Chicago-Joliet-Naperville, IL"
"150165","FRANCISCAN HEALTHCARE - MUNSTER","701 SUPERIOR AVE","MUNSTER","46321","18089","Lake","17037","DeKalb","20994","Alternative","IN",3,"16974","Chicago-Joliet-Naperville, IL"
"140186","RIVERSIDE MEDICAL CENTER","350 N WALL ST","KANKAKEE","60901","17091","Kankakee","17037","DeKalb","20994","Alternative","IL",3,"16974","Chicago-Joliet-Naperville, IL"
"140110","OTTAWA REGIONAL HOSPITAL & HEALTHCARE CENTER","1100 EAST NORRIS DRIVE","OTTAWA","61350","17099","LaSalle","17037","DeKalb","20994","Alternative","IL",1,"16974","Chicago-Joliet-Naperville, IL"
"150126","FRANCISCAN ST ANTHONY HEALTH - CROWN POINT","1201 S MAIN ST","CROWN POINT","46307","18089","Lake","17037","DeKalb","20994","Alternative","IN",3,"16974","Chicago-Joliet-Naperville, IL"
"150125","COMMUNITY HOSPITAL","901 MACARTHUR BLVD","MUNSTER","46321","18089","Lake","17037","DeKalb","20994","Alternative","IN",3,"16974","Chicago-Joliet-Naperville, IL"
"150090","FRANCISCAN ST MARGARET HEALTH - DYER","24 JOLIET ST","DYER","46311","18089","Lake","17037","DeKalb","20994","Alternative","IN",3,"16974","Chicago-Joliet-Naperville, IL"
"140161","SAINT JAMES HOSPITAL","2500 WEST REYNOLDS STREET","PONTIAC","61764","17105","Livingston","17037","DeKalb","20994","Alternative","IL",2,"16974","Chicago-Joliet-Naperville, IL"
"140012","KATHERINE SHAW BETHEA HOSPITAL","403 E 1ST ST","DIXON","61021","17103","Lee","17037","DeKalb","20994","Alternative","IL",1,"16974","Chicago-Joliet-Naperville, IL"
"150004","FRANCISCAN ST MARGARET HEALTH - HAMMOND","5454 HOHMAN AVE","HAMMOND","46320","18089","Lake","17043","DuPage","16974","Current","IN",2,"16974","Chicago-Joliet-Naperville, IL"
"140012","KATHERINE SHAW BETHEA HOSPITAL","403 E 1ST ST","DIXON","61021","17103","Lee","17043","DuPage","16974","Current","IL",3,"16974","Chicago-Joliet-Naperville, IL"
"150126","FRANCISCAN ST ANTHONY HEALTH - CROWN POINT","1201 S MAIN ST","CROWN POINT","46307","18089","Lake","17043","DuPage","16974","Current","IN",2,"16974","Chicago-Joliet-Naperville, IL"
"150090","FRANCISCAN ST MARGARET HEALTH - DYER","24 JOLIET ST","DYER","46311","18089","Lake","17043","DuPage","16974","Current","IN",2,"16974","Chicago-Joliet-Naperville, IL"
"150125","COMMUNITY HOSPITAL","901 MACARTHUR BLVD","MUNSTER","46321","18089","Lake","17043","DuPage","16974","Current","IN",2,"16974","Chicago-Joliet-Naperville, IL"
"140161","SAINT JAMES HOSPITAL","2500 WEST REYNOLDS STREET","PONTIAC","61764","17105","Livingston","17043","DuPage","16974","Current","IL",3,"16974","Chicago-Joliet-Naperville, IL"
"150008","ST CATHERINE HOSPITAL INC","4321 FIR ST","EAST CHICAGO","46312","18089","Lake","17043","DuPage","16974","Current","IN",2,"16974","Chicago-Joliet-Naperville, IL"
"150166","PINNACLE HOSPITAL","9301 CONNECTICUT DR","CROWN POINT","46307","18089","Lake","17043","DuPage","16974","Current","IN",2,"16974","Chicago-Joliet-Naperville, IL"
"140186","RIVERSIDE MEDICAL CENTER","350 N WALL ST","KANKAKEE","60901","17091","Kankakee","17043","DuPage","16974","Current","IL",2,"16974","Chicago-Joliet-Naperville, IL"
"140155","PRESENCE ST MARYS HOSPITAL","500 W COURT ST","KANKAKEE","60901","17091","Kankakee","17043","DuPage","16974","Current","IL",2,"16974","Chicago-Joliet-Naperville, IL"
"150165","FRANCISCAN HEALTHCARE - MUNSTER","701 SUPERIOR AVE","MUNSTER","46321","18089","Lake","17043","DuPage","16974","Current","IN",2,"16974","Chicago-Joliet-Naperville, IL"
"150034","ST MARY MEDICAL CENTER INC","1500 S LAKE PARK AVE","HOBART","46342","18089","Lake","17043","DuPage","16974","Current","IN",2,"16974","Chicago-Joliet-Naperville, IL"
"140110","OTTAWA REGIONAL HOSPITAL & HEALTHCARE CENTER","1100 EAST NORRIS DRIVE","OTTAWA","61350","17099","LaSalle","17043","DuPage","16974","Current","IL",2,"16974","Chicago-Joliet-Naperville, IL"
"150002","METHODIST HOSPITALS INC","600 GRANT ST","GARY","46402","18089","Lake","17043","DuPage","16974","Current","IN",2,"16974","Chicago-Joliet-Naperville, IL"
"150008","ST CATHERINE HOSPITAL INC","4321 FIR ST","EAST CHICAGO","46312","18089","Lake","17063","Grundy","16974","Current","IN",2,"16974","Chicago-Joliet-Naperville, IL"
"140186","RIVERSIDE MEDICAL CENTER","350 N WALL ST","KANKAKEE","60901","17091","Kankakee","17063","Grundy","16974","Current","IL",1,"16974","Chicago-Joliet-Naperville, IL"
"150125","COMMUNITY HOSPITAL","901 MACARTHUR BLVD","MUNSTER","46321","18089","Lake","17063","Grundy","16974","Current","IN",2,"16974","Chicago-Joliet-Naperville, IL"
"150034","ST MARY MEDICAL CENTER INC","1500 S LAKE PARK AVE","HOBART","46342","18089","Lake","17063","Grundy","16974","Current","IN",2,"16974","Chicago-Joliet-Naperville, IL"
"140110","OTTAWA REGIONAL HOSPITAL & HEALTHCARE CENTER","1100 EAST NORRIS DRIVE","OTTAWA","61350","17099","LaSalle","17063","Grundy","16974","Current","IL",1,"16974","Chicago-Joliet-Naperville, IL"
"150002","METHODIST HOSPITALS INC","600 GRANT ST","GARY","46402","18089","Lake","17063","Grundy","16974","Current","IN",2,"16974","Chicago-Joliet-Naperville, IL"
"140161","SAINT JAMES HOSPITAL","2500 WEST REYNOLDS STREET","PONTIAC","61764","17105","Livingston","17063","Grundy","16974","Current","IL",1,"16974","Chicago-Joliet-Naperville, IL"
"150165","FRANCISCAN HEALTHCARE - MUNSTER","701 SUPERIOR AVE","MUNSTER","46321","18089","Lake","17063","Grundy","16974","Current","IN",2,"16974","Chicago-Joliet-Naperville, IL"
"150126","FRANCISCAN ST ANTHONY HEALTH - CROWN POINT","1201 S MAIN ST","CROWN POINT","46307","18089","Lake","17063","Grundy","16974","Current","IN",2,"16974","Chicago-Joliet-Naperville, IL"
"140012","KATHERINE SHAW BETHEA HOSPITAL","403 E 1ST ST","DIXON","61021","17103","Lee","17063","Grundy","16974","Current","IL",2,"16974","Chicago-Joliet-Naperville, IL"
"150090","FRANCISCAN ST MARGARET HEALTH - DYER","24 JOLIET ST","DYER","46311","18089","Lake","17063","Grundy","16974","Current","IN",2,"16974","Chicago-Joliet-Naperville, IL"
"150004","FRANCISCAN ST MARGARET HEALTH - HAMMOND","5454 HOHMAN AVE","HAMMOND","46320","18089","Lake","17063","Grundy","16974","Current","IN",2,"16974","Chicago-Joliet-Naperville, IL"
"140155","PRESENCE ST MARYS HOSPITAL","500 W COURT ST","KANKAKEE","60901","17091","Kankakee","17063","Grundy","16974","Current","IL",1,"16974","Chicago-Joliet-Naperville, IL"
"150166","PINNACLE HOSPITAL","9301 CONNECTICUT DR","CROWN POINT","46307","18089","Lake","17063","Grundy","16974","Current","IN",2,"16974","Chicago-Joliet-Naperville, IL"
"150125","COMMUNITY HOSPITAL","901 MACARTHUR BLVD","MUNSTER","46321","18089","Lake","17089","Kane","20994","Alternative","IN",2,"16974","Chicago-Joliet-Naperville, IL"
"150090","FRANCISCAN ST MARGARET HEALTH - DYER","24 JOLIET ST","DYER","46311","18089","Lake","17089","Kane","20994","Alternative","IN",2,"16974","Chicago-Joliet-Naperville, IL"
"150008","ST CATHERINE HOSPITAL INC","4321 FIR ST","EAST CHICAGO","46312","18089","Lake","17089","Kane","20994","Alternative","IN",2,"16974","Chicago-Joliet-Naperville, IL"
"150166","PINNACLE HOSPITAL","9301 CONNECTICUT DR","CROWN POINT","46307","18089","Lake","17089","Kane","20994","Alternative","IN",2,"16974","Chicago-Joliet-Naperville, IL"
"140155","PRESENCE ST MARYS HOSPITAL","500 W COURT ST","KANKAKEE","60901","17091","Kankakee","17089","Kane","20994","Alternative","IL",3,"16974","Chicago-Joliet-Naperville, IL"
"150002","METHODIST HOSPITALS INC","600 GRANT ST","GARY","46402","18089","Lake","17089","Kane","20994","Alternative","IN",2,"16974","Chicago-Joliet-Naperville, IL"
"140012","KATHERINE SHAW BETHEA HOSPITAL","403 E 1ST ST","DIXON","61021","17103","Lee","17089","Kane","20994","Alternative","IL",2,"16974","Chicago-Joliet-Naperville, IL"
"150165","FRANCISCAN HEALTHCARE - MUNSTER","701 SUPERIOR AVE","MUNSTER","46321","18089","Lake","17089","Kane","20994","Alternative","IN",2,"16974","Chicago-Joliet-Naperville, IL"
"140186","RIVERSIDE MEDICAL CENTER","350 N WALL ST","KANKAKEE","60901","17091","Kankakee","17089","Kane","20994","Alternative","IL",3,"16974","Chicago-Joliet-Naperville, IL"
"140110","OTTAWA REGIONAL HOSPITAL & HEALTHCARE CENTER","1100 EAST NORRIS DRIVE","OTTAWA","61350","17099","LaSalle","17089","Kane","20994","Alternative","IL",2,"16974","Chicago-Joliet-Naperville, IL"
"150126","FRANCISCAN ST ANTHONY HEALTH - CROWN POINT","1201 S MAIN ST","CROWN POINT","46307","18089","Lake","17089","Kane","20994","Alternative","IN",2,"16974","Chicago-Joliet-Naperville, IL"
"150034","ST MARY MEDICAL CENTER INC","1500 S LAKE PARK AVE","HOBART","46342","18089","Lake","17089","Kane","20994","Alternative","IN",2,"16974","Chicago-Joliet-Naperville, IL"
"150004","FRANCISCAN ST MARGARET HEALTH - HAMMOND","5454 HOHMAN AVE","HAMMOND","46320","18089","Lake","17089","Kane","20994","Alternative","IN",2,"16974","Chicago-Joliet-Naperville, IL"
"140161","SAINT JAMES HOSPITAL","2500 WEST REYNOLDS STREET","PONTIAC","61764","17105","Livingston","17089","Kane","20994","Alternative","IL",3,"16974","Chicago-Joliet-Naperville, IL"
"140161","SAINT JAMES HOSPITAL","2500 WEST REYNOLDS STREET","PONTIAC","61764","17105","Livingston","17093","Kendall","16974","Current","IL",2,"16974","Chicago-Joliet-Naperville, IL"
"150034","ST MARY MEDICAL CENTER INC","1500 S LAKE PARK AVE","HOBART","46342","18089","Lake","17093","Kendall","16974","Current","IN",2,"16974","Chicago-Joliet-Naperville, IL"
"150002","METHODIST HOSPITALS INC","600 GRANT ST","GARY","46402","18089","Lake","17093","Kendall","16974","Current","IN",2,"16974","Chicago-Joliet-Naperville, IL"
"150090","FRANCISCAN ST MARGARET HEALTH - DYER","24 JOLIET ST","DYER","46311","18089","Lake","17093","Kendall","16974","Current","IN",2,"16974","Chicago-Joliet-Naperville, IL"
"140110","OTTAWA REGIONAL HOSPITAL & HEALTHCARE CENTER","1100 EAST NORRIS DRIVE","OTTAWA","61350","17099","LaSalle","17093","Kendall","16974","Current","IL",1,"16974","Chicago-Joliet-Naperville, IL"
"150008","ST CATHERINE HOSPITAL INC","4321 FIR ST","EAST CHICAGO","46312","18089","Lake","17093","Kendall","16974","Current","IN",2,"16974","Chicago-Joliet-Naperville, IL"
"150004","FRANCISCAN ST MARGARET HEALTH - HAMMOND","5454 HOHMAN AVE","HAMMOND","46320","18089","Lake","17093","Kendall","16974","Current","IN",2,"16974","Chicago-Joliet-Naperville, IL"
"150125","COMMUNITY HOSPITAL","901 MACARTHUR BLVD","MUNSTER","46321","18089","Lake","17093","Kendall","16974","Current","IN",2,"16974","Chicago-Joliet-Naperville, IL"
"140155","PRESENCE ST MARYS HOSPITAL","500 W COURT ST","KANKAKEE","60901","17091","Kankakee","17093","Kendall","16974","Current","IL",2,"16974","Chicago-Joliet-Naperville, IL"
"150126","FRANCISCAN ST ANTHONY HEALTH - CROWN POINT","1201 S MAIN ST","CROWN POINT","46307","18089","Lake","17093","Kendall","16974","Current","IN",2,"16974","Chicago-Joliet-Naperville, IL"
"140012","KATHERINE SHAW BETHEA HOSPITAL","403 E 1ST ST","DIXON","61021","17103","Lee","17093","Kendall","16974","Current","IL",2,"16974","Chicago-Joliet-Naperville, IL"
"140186","RIVERSIDE MEDICAL CENTER","350 N WALL ST","KANKAKEE","60901","17091","Kankakee","17093","Kendall","16974","Current","IL",2,"16974","Chicago-Joliet-Naperville, IL"
"150165","FRANCISCAN HEALTHCARE - MUNSTER","701 SUPERIOR AVE","MUNSTER","46321","18089","Lake","17093","Kendall","16974","Current","IN",2,"16974","Chicago-Joliet-Naperville, IL"
"150166","PINNACLE HOSPITAL","9301 CONNECTICUT DR","CROWN POINT","46307","18089","Lake","17093","Kendall","16974","Current","IN",2,"16974","Chicago-Joliet-Naperville, IL"
"140110","OTTAWA REGIONAL HOSPITAL & HEALTHCARE CENTER","1100 EAST NORRIS DRIVE","OTTAWA","61350","17099","LaSalle","17111","McHenry","16974","Current","IL",2,"16974","Chicago-Joliet-Naperville, IL"
"140012","KATHERINE SHAW BETHEA HOSPITAL","403 E 1ST ST","DIXON","61021","17103","Lee","17111","McHenry","16974","Current","IL",2,"16974","Chicago-Joliet-Naperville, IL"
"140186","RIVERSIDE MEDICAL CENTER","350 N WALL ST","KANKAKEE","60901","17091","Kankakee","17111","McHenry","16974","Current","IL",3,"16974","Chicago-Joliet-Naperville, IL"
"150165","FRANCISCAN HEALTHCARE - MUNSTER","701 SUPERIOR AVE","MUNSTER","46321","18089","Lake","17111","McHenry","16974","Current","IN",2,"16974","Chicago-Joliet-Naperville, IL"
"150126","FRANCISCAN ST ANTHONY HEALTH - CROWN POINT","1201 S MAIN ST","CROWN POINT","46307","18089","Lake","17111","McHenry","16974","Current","IN",2,"16974","Chicago-Joliet-Naperville, IL"
"150002","METHODIST HOSPITALS INC","600 GRANT ST","GARY","46402","18089","Lake","17111","McHenry","16974","Current","IN",2,"16974","Chicago-Joliet-Naperville, IL"
"150090","FRANCISCAN ST MARGARET HEALTH - DYER","24 JOLIET ST","DYER","46311","18089","Lake","17111","McHenry","16974","Current","IN",2,"16974","Chicago-Joliet-Naperville, IL"
"150166","PINNACLE HOSPITAL","9301 CONNECTICUT DR","CROWN POINT","46307","18089","Lake","17111","McHenry","16974","Current","IN",2,"16974","Chicago-Joliet-Naperville, IL"
"150125","COMMUNITY HOSPITAL","901 MACARTHUR BLVD","MUNSTER","46321","18089","Lake","17111","McHenry","16974","Current","IN",2,"16974","Chicago-Joliet-Naperville, IL"
"140155","PRESENCE ST MARYS HOSPITAL","500 W COURT ST","KANKAKEE","60901","17091","Kankakee","17111","McHenry","16974","Current","IL",3,"16974","Chicago-Joliet-Naperville, IL"
"150008","ST CATHERINE HOSPITAL INC","4321 FIR ST","EAST CHICAGO","46312","18089","Lake","17111","McHenry","16974","Current","IN",2,"16974","Chicago-Joliet-Naperville, IL"
"140161","SAINT JAMES HOSPITAL","2500 WEST REYNOLDS STREET","PONTIAC","61764","17105","Livingston","17111","McHenry","16974","Current","IL",3,"16974","Chicago-Joliet-Naperville, IL"
"150034","ST MARY MEDICAL CENTER INC","1500 S LAKE PARK AVE","HOBART","46342","18089","Lake","17111","McHenry","16974","Current","IN",2,"16974","Chicago-Joliet-Naperville, IL"
"150004","FRANCISCAN ST MARGARET HEALTH - HAMMOND","5454 HOHMAN AVE","HAMMOND","46320","18089","Lake","17111","McHenry","16974","Current","IN",2,"16974","Chicago-Joliet-Naperville, IL"
"150126","FRANCISCAN ST ANTHONY HEALTH - CROWN POINT","1201 S MAIN ST","CROWN POINT","46307","18089","Lake","17197","Will","16974","Current","IN",1,"16974","Chicago-Joliet-Naperville, IL"
"150125","COMMUNITY HOSPITAL","901 MACARTHUR BLVD","MUNSTER","46321","18089","Lake","17197","Will","16974","Current","IN",1,"16974","Chicago-Joliet-Naperville, IL"
"140186","RIVERSIDE MEDICAL CENTER","350 N WALL ST","KANKAKEE","60901","17091","Kankakee","17197","Will","16974","Current","IL",1,"16974","Chicago-Joliet-Naperville, IL"
"150002","METHODIST HOSPITALS INC","600 GRANT ST","GARY","46402","18089","Lake","17197","Will","16974","Current","IN",1,"16974","Chicago-Joliet-Naperville, IL"
"150008","ST CATHERINE HOSPITAL INC","4321 FIR ST","EAST CHICAGO","46312","18089","Lake","17197","Will","16974","Current","IN",1,"16974","Chicago-Joliet-Naperville, IL"
"150165","FRANCISCAN HEALTHCARE - MUNSTER","701 SUPERIOR AVE","MUNSTER","46321","18089","Lake","17197","Will","16974","Current","IN",1,"16974","Chicago-Joliet-Naperville, IL"
"150166","PINNACLE HOSPITAL","9301 CONNECTICUT DR","CROWN POINT","46307","18089","Lake","17197","Will","16974","Current","IN",1,"16974","Chicago-Joliet-Naperville, IL"
"150090","FRANCISCAN ST MARGARET HEALTH - DYER","24 JOLIET ST","DYER","46311","18089","Lake","17197","Will","16974","Current","IN",1,"16974","Chicago-Joliet-Naperville, IL"
"140012","KATHERINE SHAW BETHEA HOSPITAL","403 E 1ST ST","DIXON","61021","17103","Lee","17197","Will","16974","Current","IL",3,"16974","Chicago-Joliet-Naperville, IL"
"150004","FRANCISCAN ST MARGARET HEALTH - HAMMOND","5454 HOHMAN AVE","HAMMOND","46320","18089","Lake","17197","Will","16974","Current","IN",1,"16974","Chicago-Joliet-Naperville, IL"
"140161","SAINT JAMES HOSPITAL","2500 WEST REYNOLDS STREET","PONTIAC","61764","17105","Livingston","17197","Will","16974","Current","IL",2,"16974","Chicago-Joliet-Naperville, IL"
"150034","ST MARY MEDICAL CENTER INC","1500 S LAKE PARK AVE","HOBART","46342","18089","Lake","17197","Will","16974","Current","IN",1,"16974","Chicago-Joliet-Naperville, IL"
"140155","PRESENCE ST MARYS HOSPITAL","500 W COURT ST","KANKAKEE","60901","17091","Kankakee","17197","Will","16974","Current","IL",1,"16974","Chicago-Joliet-Naperville, IL"
"140110","OTTAWA REGIONAL HOSPITAL & HEALTHCARE CENTER","1100 EAST NORRIS DRIVE","OTTAWA","61350","17099","LaSalle","17197","Will","16974","Current","IL",2,"16974","Chicago-Joliet-Naperville, IL"
"180012","HARDIN MEMORIAL HOSPITAL","913 NORTH DIXIE AVENUE","ELIZABETHTOWN","42701","21093","Hardin","18019","Clark","31140","Current","KY",2,"31140","Louisville/Jefferson County, KY-IN"
"180024","SPRING VIEW HOSPITAL","320 LORETTO ROAD","LEBANON","40033","21155","Marion","18019","Clark","31140","Current","KY",4,"31140","Louisville/Jefferson County, KY-IN"
"180048","EPHRAIM MCDOWELL REGIONAL MEDICAL CENTER","217 SOUTH THIRD STREET","DANVILLE","40422","21021","Boyle","18019","Clark","31140","Current","KY",5,"31140","Louisville/Jefferson County, KY-IN"
"180012","HARDIN MEMORIAL HOSPITAL","913 NORTH DIXIE AVENUE","ELIZABETHTOWN","42701","21093","Hardin","18043","Floyd","31140","Current","KY",2,"31140","Louisville/Jefferson County, KY-IN"
"180048","EPHRAIM MCDOWELL REGIONAL MEDICAL CENTER","217 SOUTH THIRD STREET","DANVILLE","40422","21021","Boyle","18043","Floyd","31140","Current","KY",5,"31140","Louisville/Jefferson County, KY-IN"
"180024","SPRING VIEW HOSPITAL","320 LORETTO ROAD","LEBANON","40033","21155","Marion","18043","Floyd","31140","Current","KY",4,"31140","Louisville/Jefferson County, KY-IN"
"180024","SPRING VIEW HOSPITAL","320 LORETTO ROAD","LEBANON","40033","21155","Marion","18061","Harrison","31140","Current","KY",3,"31140","Louisville/Jefferson County, KY-IN"
"180048","EPHRAIM MCDOWELL REGIONAL MEDICAL CENTER","217 SOUTH THIRD STREET","DANVILLE","40422","21021","Boyle","18061","Harrison","31140","Current","KY",4,"31140","Louisville/Jefferson County, KY-IN"
"180012","HARDIN MEMORIAL HOSPITAL","913 NORTH DIXIE AVENUE","ELIZABETHTOWN","42701","21093","Hardin","18061","Harrison","31140","Current","KY",1,"31140","Louisville/Jefferson County, KY-IN"
"180048","EPHRAIM MCDOWELL REGIONAL MEDICAL CENTER","217 SOUTH THIRD STREET","DANVILLE","40422","21021","Boyle","18175","Washington","31140","Current","KY",5,"31140","Louisville/Jefferson County, KY-IN"
"180024","SPRING VIEW HOSPITAL","320 LORETTO ROAD","LEBANON","40033","21155","Marion","18175","Washington","31140","Current","KY",4,"31140","Louisville/Jefferson County, KY-IN"
"180012","HARDIN MEMORIAL HOSPITAL","913 NORTH DIXIE AVENUE","ELIZABETHTOWN","42701","21093","Hardin","18175","Washington","31140","Current","KY",2,"31140","Louisville/Jefferson County, KY-IN"
"180048","EPHRAIM MCDOWELL REGIONAL MEDICAL CENTER","217 SOUTH THIRD STREET","DANVILLE","40422","21021","Boyle","21029","Bullitt","31140","Current","KY",3,"31140","Louisville/Jefferson County, KY-IN"
"180024","SPRING VIEW HOSPITAL","320 LORETTO ROAD","LEBANON","40033","21155","Marion","21029","Bullitt","31140","Current","KY",2,"31140","Louisville/Jefferson County, KY-IN"
"180012","HARDIN MEMORIAL HOSPITAL","913 NORTH DIXIE AVENUE","ELIZABETHTOWN","42701","21093","Hardin","21029","Bullitt","31140","Current","KY",1,"31140","Louisville/Jefferson County, KY-IN"
"180012","HARDIN MEMORIAL HOSPITAL","913 NORTH DIXIE AVENUE","ELIZABETHTOWN","42701","21093","Hardin","21103","Henry","31140","Current","KY",3,"31140","Louisville/Jefferson County, KY-IN"
"180024","SPRING VIEW HOSPITAL","320 LORETTO ROAD","LEBANON","40033","21155","Marion","21103","Henry","31140","Current","KY",4,"31140","Louisville/Jefferson County, KY-IN"
"180048","EPHRAIM MCDOWELL REGIONAL MEDICAL CENTER","217 SOUTH THIRD STREET","DANVILLE","40422","21021","Boyle","21103","Henry","31140","Current","KY",4,"31140","Louisville/Jefferson County, KY-IN"
"180024","SPRING VIEW HOSPITAL","320 LORETTO ROAD","LEBANON","40033","21155","Marion","21111","Jefferson","31140","Current","KY",3,"31140","Louisville/Jefferson County, KY-IN"
"180048","EPHRAIM MCDOWELL REGIONAL MEDICAL CENTER","217 SOUTH THIRD STREET","DANVILLE","40422","21021","Boyle","21111","Jefferson","31140","Current","KY",4,"31140","Louisville/Jefferson County, KY-IN"
"180012","HARDIN MEMORIAL HOSPITAL","913 NORTH DIXIE AVENUE","ELIZABETHTOWN","42701","21093","Hardin","21111","Jefferson","31140","Current","KY",1,"31140","Louisville/Jefferson County, KY-IN"
"180024","SPRING VIEW HOSPITAL","320 LORETTO ROAD","LEBANON","40033","21155","Marion","21163","Meade","21060","Alternative","KY",3,"31140","Louisville/Jefferson County, KY-IN"
"180012","HARDIN MEMORIAL HOSPITAL","913 NORTH DIXIE AVENUE","ELIZABETHTOWN","42701","21093","Hardin","21163","Meade","21060","Alternative","KY",1,"31140","Louisville/Jefferson County, KY-IN"
"180048","EPHRAIM MCDOWELL REGIONAL MEDICAL CENTER","217 SOUTH THIRD STREET","DANVILLE","40422","21021","Boyle","21163","Meade","21060","Alternative","KY",4,"31140","Louisville/Jefferson County, KY-IN"
"180048","EPHRAIM MCDOWELL REGIONAL MEDICAL CENTER","217 SOUTH THIRD STREET","DANVILLE","40422","21021","Boyle","21179","Nelson","31140","Current","KY",2,"31140","Louisville/Jefferson County, KY-IN"
"180012","HARDIN MEMORIAL HOSPITAL","913 NORTH DIXIE AVENUE","ELIZABETHTOWN","42701","21093","Hardin","21179","Nelson","31140","Current","KY",1,"31140","Louisville/Jefferson County, KY-IN"
"180024","SPRING VIEW HOSPITAL","320 LORETTO ROAD","LEBANON","40033","21155","Marion","21179","Nelson","31140","Current","KY",1,"31140","Louisville/Jefferson County, KY-IN"
"180048","EPHRAIM MCDOWELL REGIONAL MEDICAL CENTER","217 SOUTH THIRD STREET","DANVILLE","40422","21021","Boyle","21185","Oldham","31140","Current","KY",4,"31140","Louisville/Jefferson County, KY-IN"
"180012","HARDIN MEMORIAL HOSPITAL","913 NORTH DIXIE AVENUE","ELIZABETHTOWN","42701","21093","Hardin","21185","Oldham","31140","Current","KY",2,"31140","Louisville/Jefferson County, KY-IN"
"180024","SPRING VIEW HOSPITAL","320 LORETTO ROAD","LEBANON","40033","21155","Marion","21185","Oldham","31140","Current","KY",4,"31140","Louisville/Jefferson County, KY-IN"
"180012","HARDIN MEMORIAL HOSPITAL","913 NORTH DIXIE AVENUE","ELIZABETHTOWN","42701","21093","Hardin","21211","Shelby","31140","Current","KY",2,"31140","Louisville/Jefferson County, KY-IN"
"180048","EPHRAIM MCDOWELL REGIONAL MEDICAL CENTER","217 SOUTH THIRD STREET","DANVILLE","40422","21021","Boyle","21211","Shelby","31140","Current","KY",3,"31140","Louisville/Jefferson County, KY-IN"
"180024","SPRING VIEW HOSPITAL","320 LORETTO ROAD","LEBANON","40033","21155","Marion","21211","Shelby","31140","Current","KY",3,"31140","Louisville/Jefferson County, KY-IN"
"180024","SPRING VIEW HOSPITAL","320 LORETTO ROAD","LEBANON","40033","21155","Marion","21215","Spencer","31140","Current","KY",2,"31140","Louisville/Jefferson County, KY-IN"
"180048","EPHRAIM MCDOWELL REGIONAL MEDICAL CENTER","217 SOUTH THIRD STREET","DANVILLE","40422","21021","Boyle","21215","Spencer","31140","Current","KY",3,"31140","Louisville/Jefferson County, KY-IN"
"180012","HARDIN MEMORIAL HOSPITAL","913 NORTH DIXIE AVENUE","ELIZABETHTOWN","42701","21093","Hardin","21215","Spencer","31140","Current","KY",2,"31140","Louisville/Jefferson County, KY-IN"
"180024","SPRING VIEW HOSPITAL","320 LORETTO ROAD","LEBANON","40033","21155","Marion","21223","Trimble","31140","Current","KY",5,"31140","Louisville/Jefferson County, KY-IN"
"180048","EPHRAIM MCDOWELL REGIONAL MEDICAL CENTER","217 SOUTH THIRD STREET","DANVILLE","40422","21021","Boyle","21223","Trimble","31140","Current","KY",5,"31140","Louisville/Jefferson County, KY-IN"
"180012","HARDIN MEMORIAL HOSPITAL","913 NORTH DIXIE AVENUE","ELIZABETHTOWN","42701","21093","Hardin","21223","Trimble","31140","Current","KY",3,"31140","Louisville/Jefferson County, KY-IN"
"310083","EAST ORANGE GENERAL HOSPITAL","300 CENTRAL AVE","EAST ORANGE","07018","34013","Essex","34003","Bergen","35614","Alternative","NJ",1,"35644","New York-White Plains-Wayne, NY-NJ"
"310015","MORRISTOWN MEDICAL CENTER","100 MADISON AVE","MORRISTOWN","07962","34027","Morris","34003","Bergen","35614","Alternative","NJ",2,"35644","New York-White Plains-Wayne, NY-NJ"
"310096","SAINT MICHAEL'S MEDICAL CENTER, INC","111 CENTRAL AVENUE","NEWARK","07102","34013","Essex","34003","Bergen","35614","Alternative","NJ",1,"35644","New York-White Plains-Wayne, NY-NJ"
"310108","JFK MEDICAL CTR - ANTHONY M. YELENCSICS COMMUNITY","65 JAMES STREET","EDISON","08818","34023","Middlesex","34003","Bergen","35614","Alternative","NJ",3,"35644","New York-White Plains-Wayne, NY-NJ"
"330264","ST LUKE'S CORNWALL HOSPITAL","70 DUBOIS STREET","NEWBURGH","12550","36071","Orange","34003","Bergen","35614","Alternative","NY",2,"35644","New York-White Plains-Wayne, NY-NJ"
"310009","CLARA MAASS MEDICAL CENTER","ONE CLARA MAAS DRIVE","BELLEVILLE","07109","34013","Essex","34003","Bergen","35614","Alternative","NJ",1,"35644","New York-White Plains-Wayne, NY-NJ"
"070015","NEW MILFORD HOSPITAL","21 ELM ST","NEW MILFORD","06776","09005","Litchfield","34003","Bergen","35614","Alternative","CT",3,"35644","New York-White Plains-Wayne, NY-NJ"
"310054","HACKENSACK-UMC MOUNTAINSIDE","BAY AND HIGHLAND AVE","MONTCLAIR","07042","34013","Essex","34003","Bergen","35614","Alternative","NJ",1,"35644","New York-White Plains-Wayne, NY-NJ"
"310038","ROBERT WOOD JOHNSON UNIVERSITY HOSPITAL","ONE ROBERT WOOD JOHNSON PL","NEW BRUNSWICK","08901","34023","Middlesex","34003","Bergen","35614","Alternative","NJ",3,"35644","New York-White Plains-Wayne, NY-NJ"
"330067","ST FRANCIS HOSPITAL","241 NORTH ROAD","POUGHKEEPSIE","12601","36027","Dutchess","34003","Bergen","35614","Alternative","NY",3,"35644","New York-White Plains-Wayne, NY-NJ"
"330023","VASSAR BROTHERS MEDICAL CENTER","45 READE PLACE","POUGHKEEPSIE","12601","36027","Dutchess","34003","Bergen","35614","Alternative","NY",3,"35644","New York-White Plains-Wayne, NY-NJ"
"330205","ST ANTHONY COMMUNITY HOSPITAL","15 - 19  MAPLE AVENUE","WARWICK","10990","36071","Orange","34003","Bergen","35614","Alternative","NY",2,"35644","New York-White Plains-Wayne, NY-NJ"
"330126","ORANGE REGIONAL MEDICAL CENTER","707 EAST MAIN STREET","MIDDLETOWN","10940","36071","Orange","34003","Bergen","35614","Alternative","NY",2,"35644","New York-White Plains-Wayne, NY-NJ"
"310039","RARITAN BAY MEDICAL CENTER","530 NEW BRUNSWICK AVE","PERTH AMBOY","08861","34023","Middlesex","34003","Bergen","35614","Alternative","NJ",3,"35644","New York-White Plains-Wayne, NY-NJ"
"310070","SAINT PETER'S UNIVERSITY HOSPITAL","254 EASTON AVE","NEW BRUNSWICK","08901","34023","Middlesex","34003","Bergen","35614","Alternative","NJ",3,"35644","New York-White Plains-Wayne, NY-NJ"
"310002","NEWARK BETH ISRAEL MEDICAL CENTER","201 LYONS AVE","NEWARK","07112","34013","Essex","34003","Bergen","35614","Alternative","NJ",1,"35644","New York-White Plains-Wayne, NY-NJ"
"310119","UNIVERSITY HOSPITAL","150 BERGEN ST","NEWARK","07103","34013","Essex","34003","Bergen","35614","Alternative","NJ",1,"35644","New York-White Plains-Wayne, NY-NJ"
"330135","BON SECOURS COMMUNITY HOSPITAL","160 EAST MAIN STREET","PORT JERVIS","12771","36071","Orange","34003","Bergen","35614","Alternative","NY",2,"35644","New York-White Plains-Wayne, NY-NJ"
"310076","SAINT BARNABAS MEDICAL CENTER","94 OLD SHORT HILLS ROAD","LIVINGSTON","07039","34013","Essex","34003","Bergen","35614","Alternative","NJ",1,"35644","New York-White Plains-Wayne, NY-NJ"
"310050","SAINT CLARE'S HOSPITAL","25 POCONO ROAD","DENVILLE","07834","34027","Morris","34003","Bergen","35614","Alternative","NJ",2,"35644","New York-White Plains-Wayne, NY-NJ"
"330049","NORTHERN DUTCHESS HOSPITAL","6511 SPRINGBROOK AVENUE","RHINEBECK","12572","36027","Dutchess","34003","Bergen","35614","Alternative","NY",3,"35644","New York-White Plains-Wayne, NY-NJ"
"310017","CHILTON MEDICAL CENTER","97 WEST PARKWAY","POMPTON PLAINS","07444","34027","Morris","34003","Bergen","35614","Alternative","NJ",2,"35644","New York-White Plains-Wayne, NY-NJ"
"330023","VASSAR BROTHERS MEDICAL CENTER","45 READE PLACE","POUGHKEEPSIE","12601","36027","Dutchess","34017","Hudson","35614","Alternative","NY",4,"35644","New York-White Plains-Wayne, NY-NJ"
"330264","ST LUKE'S CORNWALL HOSPITAL","70 DUBOIS STREET","NEWBURGH","12550","36071","Orange","34017","Hudson","35614","Alternative","NY",3,"35644","New York-White Plains-Wayne, NY-NJ"
"330135","BON SECOURS COMMUNITY HOSPITAL","160 EAST MAIN STREET","PORT JERVIS","12771","36071","Orange","34017","Hudson","35614","Alternative","NY",3,"35644","New York-White Plains-Wayne, NY-NJ"
"310119","UNIVERSITY HOSPITAL","150 BERGEN ST","NEWARK","07103","34013","Essex","34017","Hudson","35614","Alternative","NJ",1,"35644","New York-White Plains-Wayne, NY-NJ"
"310070","SAINT PETER'S UNIVERSITY HOSPITAL","254 EASTON AVE","NEW BRUNSWICK","08901","34023","Middlesex","34017","Hudson","35614","Alternative","NJ",2,"35644","New York-White Plains-Wayne, NY-NJ"
"310009","CLARA MAASS MEDICAL CENTER","ONE CLARA MAAS DRIVE","BELLEVILLE","07109","34013","Essex","34017","Hudson","35614","Alternative","NJ",1,"35644","New York-White Plains-Wayne, NY-NJ"
"310039","RARITAN BAY MEDICAL CENTER","530 NEW BRUNSWICK AVE","PERTH AMBOY","08861","34023","Middlesex","34017","Hudson","35614","Alternative","NJ",2,"35644","New York-White Plains-Wayne, NY-NJ"
"310038","ROBERT WOOD JOHNSON UNIVERSITY HOSPITAL","ONE ROBERT WOOD JOHNSON PL","NEW BRUNSWICK","08901","34023","Middlesex","34017","Hudson","35614","Alternative","NJ",2,"35644","New York-White Plains-Wayne, NY-NJ"
"310017","CHILTON MEDICAL CENTER","97 WEST PARKWAY","POMPTON PLAINS","07444","34027","Morris","34017","Hudson","35614","Alternative","NJ",2,"35644","New York-White Plains-Wayne, NY-NJ"
"310108","JFK MEDICAL CTR - ANTHONY M. YELENCSICS COMMUNITY","65 JAMES STREET","EDISON","08818","34023","Middlesex","34017","Hudson","35614","Alternative","NJ",2,"35644","New York-White Plains-Wayne, NY-NJ"
"310015","MORRISTOWN MEDICAL CENTER","100 MADISON AVE","MORRISTOWN","07962","34027","Morris","34017","Hudson","35614","Alternative","NJ",2,"35644","New York-White Plains-Wayne, NY-NJ"
"310083","EAST ORANGE GENERAL HOSPITAL","300 CENTRAL AVE","EAST ORANGE","07018","34013","Essex","34017","Hudson","35614","Alternative","NJ",1,"35644","New York-White Plains-Wayne, NY-NJ"
"330067","ST FRANCIS HOSPITAL","241 NORTH ROAD","POUGHKEEPSIE","12601","36027","Dutchess","34017","Hudson","35614","Alternative","NY",4,"35644","New York-White Plains-Wayne, NY-NJ"
"310050","SAINT CLARE'S HOSPITAL","25 POCONO ROAD","DENVILLE","07834","34027","Morris","34017","Hudson","35614","Alternative","NJ",2,"35644","New York-White Plains-Wayne, NY-NJ"
"310054","HACKENSACK-UMC MOUNTAINSIDE","BAY AND HIGHLAND AVE","MONTCLAIR","07042","34013","Essex","34017","Hudson","35614","Alternative","NJ",1,"35644","New York-White Plains-Wayne, NY-NJ"
"330049","NORTHERN DUTCHESS HOSPITAL","6511 SPRINGBROOK AVENUE","RHINEBECK","12572","36027","Dutchess","34017","Hudson","35614","Alternative","NY",4,"35644","New York-White Plains-Wayne, NY-NJ"
"310076","SAINT BARNABAS MEDICAL CENTER","94 OLD SHORT HILLS ROAD","LIVINGSTON","07039","34013","Essex","34017","Hudson","35614","Alternative","NJ",1,"35644","New York-White Plains-Wayne, NY-NJ"
"070015","NEW MILFORD HOSPITAL","21 ELM ST","NEW MILFORD","06776","09005","Litchfield","34017","Hudson","35614","Alternative","CT",4,"35644","New York-White Plains-Wayne, NY-NJ"
"310096","SAINT MICHAEL'S MEDICAL CENTER, INC","111 CENTRAL AVENUE","NEWARK","07102","34013","Essex","34017","Hudson","35614","Alternative","NJ",1,"35644","New York-White Plains-Wayne, NY-NJ"
"310002","NEWARK BETH ISRAEL MEDICAL CENTER","201 LYONS AVE","NEWARK","07112","34013","Essex","34017","Hudson","35614","Alternative","NJ",1,"35644","New York-White Plains-Wayne, NY-NJ"
"330205","ST ANTHONY COMMUNITY HOSPITAL","15 - 19  MAPLE AVENUE","WARWICK","10990","36071","Orange","34017","Hudson","35614","Alternative","NY",3,"35644","New York-White Plains-Wayne, NY-NJ"
"330126","ORANGE REGIONAL MEDICAL CENTER","707 EAST MAIN STREET","MIDDLETOWN","10940","36071","Orange","34017","Hudson","35614","Alternative","NY",3,"35644","New York-White Plains-Wayne, NY-NJ"
"310031","DEBORAH HEART AND LUNG CENTER","200 TRENTON ROAD","BROWNS MILLS","08015","34005","Burlington","34023","Middlesex","35614","Alternative","NJ",2,"20764","Edison-New Brunswick, NJ"
"310031","DEBORAH HEART AND LUNG CENTER","200 TRENTON ROAD","BROWNS MILLS","08015","34005","Burlington","34025","Monmouth","35614","Alternative","NJ",1,"20764","Edison-New Brunswick, NJ"
"310031","DEBORAH HEART AND LUNG CENTER","200 TRENTON ROAD","BROWNS MILLS","08015","34005","Burlington","34029","Ocean","35614","Alternative","NJ",1,"20764","Edison-New Brunswick, NJ"
"310083","EAST ORANGE GENERAL HOSPITAL","300 CENTRAL AVE","EAST ORANGE","07018","34013","Essex","34031","Passaic","35614","Alternative","NJ",1,"35644","New York-White Plains-Wayne, NY-NJ"
"310038","ROBERT WOOD JOHNSON UNIVERSITY HOSPITAL","ONE ROBERT WOOD JOHNSON PL","NEW BRUNSWICK","08901","34023","Middlesex","34031","Passaic","35614","Alternative","NJ",3,"35644","New York-White Plains-Wayne, NY-NJ"
"330264","ST LUKE'S CORNWALL HOSPITAL","70 DUBOIS STREET","NEWBURGH","12550","36071","Orange","34031","Passaic","35614","Alternative","NY",1,"35644","New York-White Plains-Wayne, NY-NJ"
"310050","SAINT CLARE'S HOSPITAL","25 POCONO ROAD","DENVILLE","07834","34027","Morris","34031","Passaic","35614","Alternative","NJ",1,"35644","New York-White Plains-Wayne, NY-NJ"
"330067","ST FRANCIS HOSPITAL","241 NORTH ROAD","POUGHKEEPSIE","12601","36027","Dutchess","34031","Passaic","35614","Alternative","NY",2,"35644","New York-White Plains-Wayne, NY-NJ"
"070015","NEW MILFORD HOSPITAL","21 ELM ST","NEW MILFORD","06776","09005","Litchfield","34031","Passaic","35614","Alternative","CT",3,"35644","New York-White Plains-Wayne, NY-NJ"
"330205","ST ANTHONY COMMUNITY HOSPITAL","15 - 19  MAPLE AVENUE","WARWICK","10990","36071","Orange","34031","Passaic","35614","Alternative","NY",1,"35644","New York-White Plains-Wayne, NY-NJ"
"310076","SAINT BARNABAS MEDICAL CENTER","94 OLD SHORT HILLS ROAD","LIVINGSTON","07039","34013","Essex","34031","Passaic","35614","Alternative","NJ",1,"35644","New York-White Plains-Wayne, NY-NJ"
"310015","MORRISTOWN MEDICAL CENTER","100 MADISON AVE","MORRISTOWN","07962","34027","Morris","34031","Passaic","35614","Alternative","NJ",1,"35644","New York-White Plains-Wayne, NY-NJ"
"330049","NORTHERN DUTCHESS HOSPITAL","6511 SPRINGBROOK AVENUE","RHINEBECK","12572","36027","Dutchess","34031","Passaic","35614","Alternative","NY",2,"35644","New York-White Plains-Wayne, NY-NJ"
"310039","RARITAN BAY MEDICAL CENTER","530 NEW BRUNSWICK AVE","PERTH AMBOY","08861","34023","Middlesex","34031","Passaic","35614","Alternative","NJ",3,"35644","New York-White Plains-Wayne, NY-NJ"
"310108","JFK MEDICAL CTR - ANTHONY M. YELENCSICS COMMUNITY","65 JAMES STREET","EDISON","08818","34023","Middlesex","34031","Passaic","35614","Alternative","NJ",3,"35644","New York-White Plains-Wayne, NY-NJ"
"330135","BON SECOURS COMMUNITY HOSPITAL","160 EAST MAIN STREET","PORT JERVIS","12771","36071","Orange","34031","Passaic","35614","Alternative","NY",1,"35644","New York-White Plains-Wayne, NY-NJ"
"330023","VASSAR BROTHERS MEDICAL CENTER","45 READE PLACE","POUGHKEEPSIE","12601","36027","Dutchess","34031","Passaic","35614","Alternative","NY",2,"35644","New York-White Plains-Wayne, NY-NJ"
"310054","HACKENSACK-UMC MOUNTAINSIDE","BAY AND HIGHLAND AVE","MONTCLAIR","07042","34013","Essex","34031","Passaic","35614","Alternative","NJ",1,"35644","New York-White Plains-Wayne, NY-NJ"
"310017","CHILTON MEDICAL CENTER","97 WEST PARKWAY","POMPTON PLAINS","07444","34027","Morris","34031","Passaic","35614","Alternative","NJ",1,"35644","New York-White Plains-Wayne, NY-NJ"
"310009","CLARA MAASS MEDICAL CENTER","ONE CLARA MAAS DRIVE","BELLEVILLE","07109","34013","Essex","34031","Passaic","35614","Alternative","NJ",1,"35644","New York-White Plains-Wayne, NY-NJ"
"310119","UNIVERSITY HOSPITAL","150 BERGEN ST","NEWARK","07103","34013","Essex","34031","Passaic","35614","Alternative","NJ",1,"35644","New York-White Plains-Wayne, NY-NJ"
"310096","SAINT MICHAEL'S MEDICAL CENTER, INC","111 CENTRAL AVENUE","NEWARK","07102","34013","Essex","34031","Passaic","35614","Alternative","NJ",1,"35644","New York-White Plains-Wayne, NY-NJ"
"310002","NEWARK BETH ISRAEL MEDICAL CENTER","201 LYONS AVE","NEWARK","07112","34013","Essex","34031","Passaic","35614","Alternative","NJ",1,"35644","New York-White Plains-Wayne, NY-NJ"
"310070","SAINT PETER'S UNIVERSITY HOSPITAL","254 EASTON AVE","NEW BRUNSWICK","08901","34023","Middlesex","34031","Passaic","35614","Alternative","NJ",3,"35644","New York-White Plains-Wayne, NY-NJ"
"330126","ORANGE REGIONAL MEDICAL CENTER","707 EAST MAIN STREET","MIDDLETOWN","10940","36071","Orange","34031","Passaic","35614","Alternative","NY",1,"35644","New York-White Plains-Wayne, NY-NJ"
"310031","DEBORAH HEART AND LUNG CENTER","200 TRENTON ROAD","BROWNS MILLS","08015","34005","Burlington","34035","Somerset","35084","Alternative","NJ",2,"20764","Edison-New Brunswick, NJ"
"330126","ORANGE REGIONAL MEDICAL CENTER","707 EAST MAIN STREET","MIDDLETOWN","10940","36071","Orange","36005","Bronx","35614","Alternative","NY",3,"35644","New York-White Plains-Wayne, NY-NJ"
"310009","CLARA MAASS MEDICAL CENTER","ONE CLARA MAAS DRIVE","BELLEVILLE","07109","34013","Essex","36005","Bronx","35614","Alternative","NJ",2,"35644","New York-White Plains-Wayne, NY-NJ"
"330049","NORTHERN DUTCHESS HOSPITAL","6511 SPRINGBROOK AVENUE","RHINEBECK","12572","36027","Dutchess","36005","Bronx","35614","Alternative","NY",3,"35644","New York-White Plains-Wayne, NY-NJ"
"310083","EAST ORANGE GENERAL HOSPITAL","300 CENTRAL AVE","EAST ORANGE","07018","34013","Essex","36005","Bronx","35614","Alternative","NJ",2,"35644","New York-White Plains-Wayne, NY-NJ"
"310096","SAINT MICHAEL'S MEDICAL CENTER, INC","111 CENTRAL AVENUE","NEWARK","07102","34013","Essex","36005","Bronx","35614","Alternative","NJ",2,"35644","New York-White Plains-Wayne, NY-NJ"
"070015","NEW MILFORD HOSPITAL","21 ELM ST","NEW MILFORD","06776","09005","Litchfield","36005","Bronx","35614","Alternative","CT",3,"35644","New York-White Plains-Wayne, NY-NJ"
"330067","ST FRANCIS HOSPITAL","241 NORTH ROAD","POUGHKEEPSIE","12601","36027","Dutchess","36005","Bronx","35614","Alternative","NY",3,"35644","New York-White Plains-Wayne, NY-NJ"
"310119","UNIVERSITY HOSPITAL","150 BERGEN ST","NEWARK","07103","34013","Essex","36005","Bronx","35614","Alternative","NJ",2,"35644","New York-White Plains-Wayne, NY-NJ"
"310054","HACKENSACK-UMC MOUNTAINSIDE","BAY AND HIGHLAND AVE","MONTCLAIR","07042","34013","Essex","36005","Bronx","35614","Alternative","NJ",2,"35644","New York-White Plains-Wayne, NY-NJ"
"310039","RARITAN BAY MEDICAL CENTER","530 NEW BRUNSWICK AVE","PERTH AMBOY","08861","34023","Middlesex","36005","Bronx","35614","Alternative","NJ",3,"35644","New York-White Plains-Wayne, NY-NJ"
"310017","CHILTON MEDICAL CENTER","97 WEST PARKWAY","POMPTON PLAINS","07444","34027","Morris","36005","Bronx","35614","Alternative","NJ",3,"35644","New York-White Plains-Wayne, NY-NJ"
"310108","JFK MEDICAL CTR - ANTHONY M. YELENCSICS COMMUNITY","65 JAMES STREET","EDISON","08818","34023","Middlesex","36005","Bronx","35614","Alternative","NJ",3,"35644","New York-White Plains-Wayne, NY-NJ"
"330205","ST ANTHONY COMMUNITY HOSPITAL","15 - 19  MAPLE AVENUE","WARWICK","10990","36071","Orange","36005","Bronx","35614","Alternative","NY",3,"35644","New York-White Plains-Wayne, NY-NJ"
"330023","VASSAR BROTHERS MEDICAL CENTER","45 READE PLACE","POUGHKEEPSIE","12601","36027","Dutchess","36005","Bronx","35614","Alternative","NY",3,"35644","New York-White Plains-Wayne, NY-NJ"
"310015","MORRISTOWN MEDICAL CENTER","100 MADISON AVE","MORRISTOWN","07962","34027","Morris","36005","Bronx","35614","Alternative","NJ",3,"35644","New York-White Plains-Wayne, NY-NJ"
"310070","SAINT PETER'S UNIVERSITY HOSPITAL","254 EASTON AVE","NEW BRUNSWICK","08901","34023","Middlesex","36005","Bronx","35614","Alternative","NJ",3,"35644","New York-White Plains-Wayne, NY-NJ"
"310038","ROBERT WOOD JOHNSON UNIVERSITY HOSPITAL","ONE ROBERT WOOD JOHNSON PL","NEW BRUNSWICK","08901","34023","Middlesex","36005","Bronx","35614","Alternative","NJ",3,"35644","New York-White Plains-Wayne, NY-NJ"
"310076","SAINT BARNABAS MEDICAL CENTER","94 OLD SHORT HILLS ROAD","LIVINGSTON","07039","34013","Essex","36005","Bronx","35614","Alternative","NJ",2,"35644","New York-White Plains-Wayne, NY-NJ"
"310002","NEWARK BETH ISRAEL MEDICAL CENTER","201 LYONS AVE","NEWARK","07112","34013","Essex","36005","Bronx","35614","Alternative","NJ",2,"35644","New York-White Plains-Wayne, NY-NJ"
"310050","SAINT CLARE'S HOSPITAL","25 POCONO ROAD","DENVILLE","07834","34027","Morris","36005","Bronx","35614","Alternative","NJ",3,"35644","New York-White Plains-Wayne, NY-NJ"
"330135","BON SECOURS COMMUNITY HOSPITAL","160 EAST MAIN STREET","PORT JERVIS","12771","36071","Orange","36005","Bronx","35614","Alternative","NY",3,"35644","New York-White Plains-Wayne, NY-NJ"
"330264","ST LUKE'S CORNWALL HOSPITAL","70 DUBOIS STREET","NEWBURGH","12550","36071","Orange","36005","Bronx","35614","Alternative","NY",3,"35644","New York-White Plains-Wayne, NY-NJ"
"330224","HEALTH ALLIANCE HOSPITAL MARY'S AVENUE CAMPUS","105 MARY'S AVENUE","KINGSTON","12401","36111","Ulster","36027","Dutchess","20524","Alternative","NY",1,"39100","Poughkeepsie-Newburgh-Middletown, NY"
"310119","UNIVERSITY HOSPITAL","150 BERGEN ST","NEWARK","07103","34013","Essex","36047","Kings","35614","Alternative","NJ",2,"35644","New York-White Plains-Wayne, NY-NJ"
"330205","ST ANTHONY COMMUNITY HOSPITAL","15 - 19  MAPLE AVENUE","WARWICK","10990","36071","Orange","36047","Kings","35614","Alternative","NY",4,"35644","New York-White Plains-Wayne, NY-NJ"
"310050","SAINT CLARE'S HOSPITAL","25 POCONO ROAD","DENVILLE","07834","34027","Morris","36047","Kings","35614","Alternative","NJ",3,"35644","New York-White Plains-Wayne, NY-NJ"
"310070","SAINT PETER'S UNIVERSITY HOSPITAL","254 EASTON AVE","NEW BRUNSWICK","08901","34023","Middlesex","36047","Kings","35614","Alternative","NJ",2,"35644","New York-White Plains-Wayne, NY-NJ"
"310015","MORRISTOWN MEDICAL CENTER","100 MADISON AVE","MORRISTOWN","07962","34027","Morris","36047","Kings","35614","Alternative","NJ",3,"35644","New York-White Plains-Wayne, NY-NJ"
"310083","EAST ORANGE GENERAL HOSPITAL","300 CENTRAL AVE","EAST ORANGE","07018","34013","Essex","36047","Kings","35614","Alternative","NJ",2,"35644","New York-White Plains-Wayne, NY-NJ"
"310009","CLARA MAASS MEDICAL CENTER","ONE CLARA MAAS DRIVE","BELLEVILLE","07109","34013","Essex","36047","Kings","35614","Alternative","NJ",2,"35644","New York-White Plains-Wayne, NY-NJ"
"310076","SAINT BARNABAS MEDICAL CENTER","94 OLD SHORT HILLS ROAD","LIVINGSTON","07039","34013","Essex","36047","Kings","35614","Alternative","NJ",2,"35644","New York-White Plains-Wayne, NY-NJ"
"330023","VASSAR BROTHERS MEDICAL CENTER","45 READE PLACE","POUGHKEEPSIE","12601","36027","Dutchess","36047","Kings","35614","Alternative","NY",4,"35644","New York-White Plains-Wayne, NY-NJ"
"330067","ST FRANCIS HOSPITAL","241 NORTH ROAD","POUGHKEEPSIE","12601","36027","Dutchess","36047","Kings","35614","Alternative","NY",4,"35644","New York-White Plains-Wayne, NY-NJ"
"310096","SAINT MICHAEL'S MEDICAL CENTER, INC","111 CENTRAL AVENUE","NEWARK","07102","34013","Essex","36047","Kings","35614","Alternative","NJ",2,"35644","New York-White Plains-Wayne, NY-NJ"
"310108","JFK MEDICAL CTR - ANTHONY M. YELENCSICS COMMUNITY","65 JAMES STREET","EDISON","08818","34023","Middlesex","36047","Kings","35614","Alternative","NJ",2,"35644","New York-White Plains-Wayne, NY-NJ"
"310054","HACKENSACK-UMC MOUNTAINSIDE","BAY AND HIGHLAND AVE","MONTCLAIR","07042","34013","Essex","36047","Kings","35614","Alternative","NJ",2,"35644","New York-White Plains-Wayne, NY-NJ"
"330049","NORTHERN DUTCHESS HOSPITAL","6511 SPRINGBROOK AVENUE","RHINEBECK","12572","36027","Dutchess","36047","Kings","35614","Alternative","NY",4,"35644","New York-White Plains-Wayne, NY-NJ"
"310038","ROBERT WOOD JOHNSON UNIVERSITY HOSPITAL","ONE ROBERT WOOD JOHNSON PL","NEW BRUNSWICK","08901","34023","Middlesex","36047","Kings","35614","Alternative","NJ",2,"35644","New York-White Plains-Wayne, NY-NJ"
"310039","RARITAN BAY MEDICAL CENTER","530 NEW BRUNSWICK AVE","PERTH AMBOY","08861","34023","Middlesex","36047","Kings","35614","Alternative","NJ",2,"35644","New York-White Plains-Wayne, NY-NJ"
"330126","ORANGE REGIONAL MEDICAL CENTER","707 EAST MAIN STREET","MIDDLETOWN","10940","36071","Orange","36047","Kings","35614","Alternative","NY",4,"35644","New York-White Plains-Wayne, NY-NJ"
"330135","BON SECOURS COMMUNITY HOSPITAL","160 EAST MAIN STREET","PORT JERVIS","12771","36071","Orange","36047","Kings","35614","Alternative","NY",4,"35644","New York-White Plains-Wayne, NY-NJ"
"310017","CHILTON MEDICAL CENTER","97 WEST PARKWAY","POMPTON PLAINS","07444","34027","Morris","36047","Kings","35614","Alternative","NJ",3,"35644","New York-White Plains-Wayne, NY-NJ"
"330264","ST LUKE'S CORNWALL HOSPITAL","70 DUBOIS STREET","NEWBURGH","12550","36071","Orange","36047","Kings","35614","Alternative","NY",4,"35644","New York-White Plains-Wayne, NY-NJ"
"310002","NEWARK BETH ISRAEL MEDICAL CENTER","201 LYONS AVE","NEWARK","07112","34013","Essex","36047","Kings","35614","Alternative","NJ",2,"35644","New York-White Plains-Wayne, NY-NJ"
"070015","NEW MILFORD HOSPITAL","21 ELM ST","NEW MILFORD","06776","09005","Litchfield","36047","Kings","35614","Alternative","CT",4,"35644","New York-White Plains-Wayne, NY-NJ"
"330205","ST ANTHONY COMMUNITY HOSPITAL","15 - 19  MAPLE AVENUE","WARWICK","10990","36071","Orange","36061","New York","35614","Alternative","NY",3,"35644","New York-White Plains-Wayne, NY-NJ"
"310015","MORRISTOWN MEDICAL CENTER","100 MADISON AVE","MORRISTOWN","07962","34027","Morris","36061","New York","35614","Alternative","NJ",3,"35644","New York-White Plains-Wayne, NY-NJ"
"070015","NEW MILFORD HOSPITAL","21 ELM ST","NEW MILFORD","06776","09005","Litchfield","36061","New York","35614","Alternative","CT",4,"35644","New York-White Plains-Wayne, NY-NJ"
"310083","EAST ORANGE GENERAL HOSPITAL","300 CENTRAL AVE","EAST ORANGE","07018","34013","Essex","36061","New York","35614","Alternative","NJ",2,"35644","New York-White Plains-Wayne, NY-NJ"
"330126","ORANGE REGIONAL MEDICAL CENTER","707 EAST MAIN STREET","MIDDLETOWN","10940","36071","Orange","36061","New York","35614","Alternative","NY",3,"35644","New York-White Plains-Wayne, NY-NJ"
"310054","HACKENSACK-UMC MOUNTAINSIDE","BAY AND HIGHLAND AVE","MONTCLAIR","07042","34013","Essex","36061","New York","35614","Alternative","NJ",2,"35644","New York-White Plains-Wayne, NY-NJ"
"310017","CHILTON MEDICAL CENTER","97 WEST PARKWAY","POMPTON PLAINS","07444","34027","Morris","36061","New York","35614","Alternative","NJ",3,"35644","New York-White Plains-Wayne, NY-NJ"
"310009","CLARA MAASS MEDICAL CENTER","ONE CLARA MAAS DRIVE","BELLEVILLE","07109","34013","Essex","36061","New York","35614","Alternative","NJ",2,"35644","New York-White Plains-Wayne, NY-NJ"
"310096","SAINT MICHAEL'S MEDICAL CENTER, INC","111 CENTRAL AVENUE","NEWARK","07102","34013","Essex","36061","New York","35614","Alternative","NJ",2,"35644","New York-White Plains-Wayne, NY-NJ"
"310038","ROBERT WOOD JOHNSON UNIVERSITY HOSPITAL","ONE ROBERT WOOD JOHNSON PL","NEW BRUNSWICK","08901","34023","Middlesex","36061","New York","35614","Alternative","NJ",3,"35644","New York-White Plains-Wayne, NY-NJ"
"310119","UNIVERSITY HOSPITAL","150 BERGEN ST","NEWARK","07103","34013","Essex","36061","New York","35614","Alternative","NJ",2,"35644","New York-White Plains-Wayne, NY-NJ"
"330049","NORTHERN DUTCHESS HOSPITAL","6511 SPRINGBROOK AVENUE","RHINEBECK","12572","36027","Dutchess","36061","New York","35614","Alternative","NY",4,"35644","New York-White Plains-Wayne, NY-NJ"
"330264","ST LUKE'S CORNWALL HOSPITAL","70 DUBOIS STREET","NEWBURGH","12550","36071","Orange","36061","New York","35614","Alternative","NY",3,"35644","New York-White Plains-Wayne, NY-NJ"
"330023","VASSAR BROTHERS MEDICAL CENTER","45 READE PLACE","POUGHKEEPSIE","12601","36027","Dutchess","36061","New York","35614","Alternative","NY",4,"35644","New York-White Plains-Wayne, NY-NJ"
"310076","SAINT BARNABAS MEDICAL CENTER","94 OLD SHORT HILLS ROAD","LIVINGSTON","07039","34013","Essex","36061","New York","35614","Alternative","NJ",2,"35644","New York-White Plains-Wayne, NY-NJ"
"310108","JFK MEDICAL CTR - ANTHONY M. YELENCSICS COMMUNITY","65 JAMES STREET","EDISON","08818","34023","Middlesex","36061","New York","35614","Alternative","NJ",3,"35644","New York-White Plains-Wayne, NY-NJ"
"310070","SAINT PETER'S UNIVERSITY HOSPITAL","254 EASTON AVE","NEW BRUNSWICK","08901","34023","Middlesex","36061","New York","35614","Alternative","NJ",3,"35644","New York-White Plains-Wayne, NY-NJ"
"310050","SAINT CLARE'S HOSPITAL","25 POCONO ROAD","DENVILLE","07834","34027","Morris","36061","New York","35614","Alternative","NJ",3,"35644","New York-White Plains-Wayne, NY-NJ"
"310039","RARITAN BAY MEDICAL CENTER","530 NEW BRUNSWICK AVE","PERTH AMBOY","08861","34023","Middlesex","36061","New York","35614","Alternative","NJ",3,"35644","New York-White Plains-Wayne, NY-NJ"
"330067","ST FRANCIS HOSPITAL","241 NORTH ROAD","POUGHKEEPSIE","12601","36027","Dutchess","36061","New York","35614","Alternative","NY",4,"35644","New York-White Plains-Wayne, NY-NJ"
"330135","BON SECOURS COMMUNITY HOSPITAL","160 EAST MAIN STREET","PORT JERVIS","12771","36071","Orange","36061","New York","35614","Alternative","NY",3,"35644","New York-White Plains-Wayne, NY-NJ"
"310002","NEWARK BETH ISRAEL MEDICAL CENTER","201 LYONS AVE","NEWARK","07112","34013","Essex","36061","New York","35614","Alternative","NJ",2,"35644","New York-White Plains-Wayne, NY-NJ"
"330224","HEALTH ALLIANCE HOSPITAL MARY'S AVENUE CAMPUS","105 MARY'S AVENUE","KINGSTON","12401","36111","Ulster","36071","Orange","35614","Alternative","NY",1,"39100","Poughkeepsie-Newburgh-Middletown, NY"
"330205","ST ANTHONY COMMUNITY HOSPITAL","15 - 19  MAPLE AVENUE","WARWICK","10990","36071","Orange","36079","Putnam","20524","Alternative","NY",1,"35644","New York-White Plains-Wayne, NY-NJ"
"310009","CLARA MAASS MEDICAL CENTER","ONE CLARA MAAS DRIVE","BELLEVILLE","07109","34013","Essex","36079","Putnam","20524","Alternative","NJ",3,"35644","New York-White Plains-Wayne, NY-NJ"
"310017","CHILTON MEDICAL CENTER","97 WEST PARKWAY","POMPTON PLAINS","07444","34027","Morris","36079","Putnam","20524","Alternative","NJ",3,"35644","New York-White Plains-Wayne, NY-NJ"
"310050","SAINT CLARE'S HOSPITAL","25 POCONO ROAD","DENVILLE","07834","34027","Morris","36079","Putnam","20524","Alternative","NJ",3,"35644","New York-White Plains-Wayne, NY-NJ"
"310096","SAINT MICHAEL'S MEDICAL CENTER, INC","111 CENTRAL AVENUE","NEWARK","07102","34013","Essex","36079","Putnam","20524","Alternative","NJ",3,"35644","New York-White Plains-Wayne, NY-NJ"
"310015","MORRISTOWN MEDICAL CENTER","100 MADISON AVE","MORRISTOWN","07962","34027","Morris","36079","Putnam","20524","Alternative","NJ",3,"35644","New York-White Plains-Wayne, NY-NJ"
"310002","NEWARK BETH ISRAEL MEDICAL CENTER","201 LYONS AVE","NEWARK","07112","34013","Essex","36079","Putnam","20524","Alternative","NJ",3,"35644","New York-White Plains-Wayne, NY-NJ"
"310038","ROBERT WOOD JOHNSON UNIVERSITY HOSPITAL","ONE ROBERT WOOD JOHNSON PL","NEW BRUNSWICK","08901","34023","Middlesex","36079","Putnam","20524","Alternative","NJ",5,"35644","New York-White Plains-Wayne, NY-NJ"
"310039","RARITAN BAY MEDICAL CENTER","530 NEW BRUNSWICK AVE","PERTH AMBOY","08861","34023","Middlesex","36079","Putnam","20524","Alternative","NJ",5,"35644","New York-White Plains-Wayne, NY-NJ"
"330067","ST FRANCIS HOSPITAL","241 NORTH ROAD","POUGHKEEPSIE","12601","36027","Dutchess","36079","Putnam","20524","Alternative","NY",1,"35644","New York-White Plains-Wayne, NY-NJ"
"330264","ST LUKE'S CORNWALL HOSPITAL","70 DUBOIS STREET","NEWBURGH","12550","36071","Orange","36079","Putnam","20524","Alternative","NY",1,"35644","New York-White Plains-Wayne, NY-NJ"
"070015","NEW MILFORD HOSPITAL","21 ELM ST","NEW MILFORD","06776","09005","Litchfield","36079","Putnam","20524","Alternative","CT",2,"35644","New York-White Plains-Wayne, NY-NJ"
"330126","ORANGE REGIONAL MEDICAL CENTER","707 EAST MAIN STREET","MIDDLETOWN","10940","36071","Orange","36079","Putnam","20524","Alternative","NY",1,"35644","New York-White Plains-Wayne, NY-NJ"
"330049","NORTHERN DUTCHESS HOSPITAL","6511 SPRINGBROOK AVENUE","RHINEBECK","12572","36027","Dutchess","36079","Putnam","20524","Alternative","NY",1,"35644","New York-White Plains-Wayne, NY-NJ"
"310070","SAINT PETER'S UNIVERSITY HOSPITAL","254 EASTON AVE","NEW BRUNSWICK","08901","34023","Middlesex","36079","Putnam","20524","Alternative","NJ",5,"35644","New York-White Plains-Wayne, NY-NJ"
"310083","EAST ORANGE GENERAL HOSPITAL","300 CENTRAL AVE","EAST ORANGE","07018","34013","Essex","36079","Putnam","20524","Alternative","NJ",3,"35644","New York-White Plains-Wayne, NY-NJ"
"310054","HACKENSACK-UMC MOUNTAINSIDE","BAY AND HIGHLAND AVE","MONTCLAIR","07042","34013","Essex","36079","Putnam","20524","Alternative","NJ",3,"35644","New York-White Plains-Wayne, NY-NJ"
"310076","SAINT BARNABAS MEDICAL CENTER","94 OLD SHORT HILLS ROAD","LIVINGSTON","07039","34013","Essex","36079","Putnam","20524","Alternative","NJ",3,"35644","New York-White Plains-Wayne, NY-NJ"
"310108","JFK MEDICAL CTR - ANTHONY M. YELENCSICS COMMUNITY","65 JAMES STREET","EDISON","08818","34023","Middlesex","36079","Putnam","20524","Alternative","NJ",5,"35644","New York-White Plains-Wayne, NY-NJ"
"310119","UNIVERSITY HOSPITAL","150 BERGEN ST","NEWARK","07103","34013","Essex","36079","Putnam","20524","Alternative","NJ",3,"35644","New York-White Plains-Wayne, NY-NJ"
"330023","VASSAR BROTHERS MEDICAL CENTER","45 READE PLACE","POUGHKEEPSIE","12601","36027","Dutchess","36079","Putnam","20524","Alternative","NY",1,"35644","New York-White Plains-Wayne, NY-NJ"
"330135","BON SECOURS COMMUNITY HOSPITAL","160 EAST MAIN STREET","PORT JERVIS","12771","36071","Orange","36079","Putnam","20524","Alternative","NY",1,"35644","New York-White Plains-Wayne, NY-NJ"
"310009","CLARA MAASS MEDICAL CENTER","ONE CLARA MAAS DRIVE","BELLEVILLE","07109","34013","Essex","36081","Queens","35614","Alternative","NJ",3,"35644","New York-White Plains-Wayne, NY-NJ"
"310070","SAINT PETER'S UNIVERSITY HOSPITAL","254 EASTON AVE","NEW BRUNSWICK","08901","34023","Middlesex","36081","Queens","35614","Alternative","NJ",2,"35644","New York-White Plains-Wayne, NY-NJ"
"330023","VASSAR BROTHERS MEDICAL CENTER","45 READE PLACE","POUGHKEEPSIE","12601","36027","Dutchess","36081","Queens","35614","Alternative","NY",3,"35644","New York-White Plains-Wayne, NY-NJ"
"330067","ST FRANCIS HOSPITAL","241 NORTH ROAD","POUGHKEEPSIE","12601","36027","Dutchess","36081","Queens","35614","Alternative","NY",3,"35644","New York-White Plains-Wayne, NY-NJ"
"310039","RARITAN BAY MEDICAL CENTER","530 NEW BRUNSWICK AVE","PERTH AMBOY","08861","34023","Middlesex","36081","Queens","35614","Alternative","NJ",2,"35644","New York-White Plains-Wayne, NY-NJ"
"310050","SAINT CLARE'S HOSPITAL","25 POCONO ROAD","DENVILLE","07834","34027","Morris","36081","Queens","35614","Alternative","NJ",3,"35644","New York-White Plains-Wayne, NY-NJ"
"070015","NEW MILFORD HOSPITAL","21 ELM ST","NEW MILFORD","06776","09005","Litchfield","36081","Queens","35614","Alternative","CT",3,"35644","New York-White Plains-Wayne, NY-NJ"
"310002","NEWARK BETH ISRAEL MEDICAL CENTER","201 LYONS AVE","NEWARK","07112","34013","Essex","36081","Queens","35614","Alternative","NJ",3,"35644","New York-White Plains-Wayne, NY-NJ"
"330049","NORTHERN DUTCHESS HOSPITAL","6511 SPRINGBROOK AVENUE","RHINEBECK","12572","36027","Dutchess","36081","Queens","35614","Alternative","NY",3,"35644","New York-White Plains-Wayne, NY-NJ"
"330264","ST LUKE'S CORNWALL HOSPITAL","70 DUBOIS STREET","NEWBURGH","12550","36071","Orange","36081","Queens","35614","Alternative","NY",4,"35644","New York-White Plains-Wayne, NY-NJ"
"330205","ST ANTHONY COMMUNITY HOSPITAL","15 - 19  MAPLE AVENUE","WARWICK","10990","36071","Orange","36081","Queens","35614","Alternative","NY",4,"35644","New York-White Plains-Wayne, NY-NJ"
"310015","MORRISTOWN MEDICAL CENTER","100 MADISON AVE","MORRISTOWN","07962","34027","Morris","36081","Queens","35614","Alternative","NJ",3,"35644","New York-White Plains-Wayne, NY-NJ"
"310119","UNIVERSITY HOSPITAL","150 BERGEN ST","NEWARK","07103","34013","Essex","36081","Queens","35614","Alternative","NJ",3,"35644","New York-White Plains-Wayne, NY-NJ"
"310108","JFK MEDICAL CTR - ANTHONY M. YELENCSICS COMMUNITY","65 JAMES STREET","EDISON","08818","34023","Middlesex","36081","Queens","35614","Alternative","NJ",2,"35644","New York-White Plains-Wayne, NY-NJ"
"310083","EAST ORANGE GENERAL HOSPITAL","300 CENTRAL AVE","EAST ORANGE","07018","34013","Essex","36081","Queens","35614","Alternative","NJ",3,"35644","New York-White Plains-Wayne, NY-NJ"
"310017","CHILTON MEDICAL CENTER","97 WEST PARKWAY","POMPTON PLAINS","07444","34027","Morris","36081","Queens","35614","Alternative","NJ",3,"35644","New York-White Plains-Wayne, NY-NJ"
"310096","SAINT MICHAEL'S MEDICAL CENTER, INC","111 CENTRAL AVENUE","NEWARK","07102","34013","Essex","36081","Queens","35614","Alternative","NJ",3,"35644","New York-White Plains-Wayne, NY-NJ"
"310076","SAINT BARNABAS MEDICAL CENTER","94 OLD SHORT HILLS ROAD","LIVINGSTON","07039","34013","Essex","36081","Queens","35614","Alternative","NJ",3,"35644","New York-White Plains-Wayne, NY-NJ"
"330135","BON SECOURS COMMUNITY HOSPITAL","160 EAST MAIN STREET","PORT JERVIS","12771","36071","Orange","36081","Queens","35614","Alternative","NY",4,"35644","New York-White Plains-Wayne, NY-NJ"
"310038","ROBERT WOOD JOHNSON UNIVERSITY HOSPITAL","ONE ROBERT WOOD JOHNSON PL","NEW BRUNSWICK","08901","34023","Middlesex","36081","Queens","35614","Alternative","NJ",2,"35644","New York-White Plains-Wayne, NY-NJ"
"310054","HACKENSACK-UMC MOUNTAINSIDE","BAY AND HIGHLAND AVE","MONTCLAIR","07042","34013","Essex","36081","Queens","35614","Alternative","NJ",3,"35644","New York-White Plains-Wayne, NY-NJ"
"330126","ORANGE REGIONAL MEDICAL CENTER","707 EAST MAIN STREET","MIDDLETOWN","10940","36071","Orange","36081","Queens","35614","Alternative","NY",4,"35644","New York-White Plains-Wayne, NY-NJ"
"310039","RARITAN BAY MEDICAL CENTER","530 NEW BRUNSWICK AVE","PERTH AMBOY","08861","34023","Middlesex","36085","Richmond","35614","Alternative","NJ",1,"35644","New York-White Plains-Wayne, NY-NJ"
"310054","HACKENSACK-UMC MOUNTAINSIDE","BAY AND HIGHLAND AVE","MONTCLAIR","07042","34013","Essex","36085","Richmond","35614","Alternative","NJ",2,"35644","New York-White Plains-Wayne, NY-NJ"
"070015","NEW MILFORD HOSPITAL","21 ELM ST","NEW MILFORD","06776","09005","Litchfield","36085","Richmond","35614","Alternative","CT",4,"35644","New York-White Plains-Wayne, NY-NJ"
"310119","UNIVERSITY HOSPITAL","150 BERGEN ST","NEWARK","07103","34013","Essex","36085","Richmond","35614","Alternative","NJ",2,"35644","New York-White Plains-Wayne, NY-NJ"
"330126","ORANGE REGIONAL MEDICAL CENTER","707 EAST MAIN STREET","MIDDLETOWN","10940","36071","Orange","36085","Richmond","35614","Alternative","NY",4,"35644","New York-White Plains-Wayne, NY-NJ"
"310050","SAINT CLARE'S HOSPITAL","25 POCONO ROAD","DENVILLE","07834","34027","Morris","36085","Richmond","35614","Alternative","NJ",2,"35644","New York-White Plains-Wayne, NY-NJ"
"310038","ROBERT WOOD JOHNSON UNIVERSITY HOSPITAL","ONE ROBERT WOOD JOHNSON PL","NEW BRUNSWICK","08901","34023","Middlesex","36085","Richmond","35614","Alternative","NJ",1,"35644","New York-White Plains-Wayne, NY-NJ"
"330049","NORTHERN DUTCHESS HOSPITAL","6511 SPRINGBROOK AVENUE","RHINEBECK","12572","36027","Dutchess","36085","Richmond","35614","Alternative","NY",4,"35644","New York-White Plains-Wayne, NY-NJ"
"330023","VASSAR BROTHERS MEDICAL CENTER","45 READE PLACE","POUGHKEEPSIE","12601","36027","Dutchess","36085","Richmond","35614","Alternative","NY",4,"35644","New York-White Plains-Wayne, NY-NJ"
"330264","ST LUKE'S CORNWALL HOSPITAL","70 DUBOIS STREET","NEWBURGH","12550","36071","Orange","36085","Richmond","35614","Alternative","NY",4,"35644","New York-White Plains-Wayne, NY-NJ"
"310108","JFK MEDICAL CTR - ANTHONY M. YELENCSICS COMMUNITY","65 JAMES STREET","EDISON","08818","34023","Middlesex","36085","Richmond","35614","Alternative","NJ",1,"35644","New York-White Plains-Wayne, NY-NJ"
"330067","ST FRANCIS HOSPITAL","241 NORTH ROAD","POUGHKEEPSIE","12601","36027","Dutchess","36085","Richmond","35614","Alternative","NY",4,"35644","New York-White Plains-Wayne, NY-NJ"
"330205","ST ANTHONY COMMUNITY HOSPITAL","15 - 19  MAPLE AVENUE","WARWICK","10990","36071","Orange","36085","Richmond","35614","Alternative","NY",4,"35644","New York-White Plains-Wayne, NY-NJ"
"310002","NEWARK BETH ISRAEL MEDICAL CENTER","201 LYONS AVE","NEWARK","07112","34013","Essex","36085","Richmond","35614","Alternative","NJ",2,"35644","New York-White Plains-Wayne, NY-NJ"
"310083","EAST ORANGE GENERAL HOSPITAL","300 CENTRAL AVE","EAST ORANGE","07018","34013","Essex","36085","Richmond","35614","Alternative","NJ",2,"35644","New York-White Plains-Wayne, NY-NJ"
"310017","CHILTON MEDICAL CENTER","97 WEST PARKWAY","POMPTON PLAINS","07444","34027","Morris","36085","Richmond","35614","Alternative","NJ",2,"35644","New York-White Plains-Wayne, NY-NJ"
"310096","SAINT MICHAEL'S MEDICAL CENTER, INC","111 CENTRAL AVENUE","NEWARK","07102","34013","Essex","36085","Richmond","35614","Alternative","NJ",2,"35644","New York-White Plains-Wayne, NY-NJ"
"310070","SAINT PETER'S UNIVERSITY HOSPITAL","254 EASTON AVE","NEW BRUNSWICK","08901","34023","Middlesex","36085","Richmond","35614","Alternative","NJ",1,"35644","New York-White Plains-Wayne, NY-NJ"
"330135","BON SECOURS COMMUNITY HOSPITAL","160 EAST MAIN STREET","PORT JERVIS","12771","36071","Orange","36085","Richmond","35614","Alternative","NY",4,"35644","New York-White Plains-Wayne, NY-NJ"
"310076","SAINT BARNABAS MEDICAL CENTER","94 OLD SHORT HILLS ROAD","LIVINGSTON","07039","34013","Essex","36085","Richmond","35614","Alternative","NJ",2,"35644","New York-White Plains-Wayne, NY-NJ"
"310015","MORRISTOWN MEDICAL CENTER","100 MADISON AVE","MORRISTOWN","07962","34027","Morris","36085","Richmond","35614","Alternative","NJ",2,"35644","New York-White Plains-Wayne, NY-NJ"
"310009","CLARA MAASS MEDICAL CENTER","ONE CLARA MAAS DRIVE","BELLEVILLE","07109","34013","Essex","36085","Richmond","35614","Alternative","NJ",2,"35644","New York-White Plains-Wayne, NY-NJ"
"330049","NORTHERN DUTCHESS HOSPITAL","6511 SPRINGBROOK AVENUE","RHINEBECK","12572","36027","Dutchess","36087","Rockland","35614","Alternative","NY",2,"35644","New York-White Plains-Wayne, NY-NJ"
"330264","ST LUKE'S CORNWALL HOSPITAL","70 DUBOIS STREET","NEWBURGH","12550","36071","Orange","36087","Rockland","35614","Alternative","NY",1,"35644","New York-White Plains-Wayne, NY-NJ"
"310002","NEWARK BETH ISRAEL MEDICAL CENTER","201 LYONS AVE","NEWARK","07112","34013","Essex","36087","Rockland","35614","Alternative","NJ",2,"35644","New York-White Plains-Wayne, NY-NJ"
"310076","SAINT BARNABAS MEDICAL CENTER","94 OLD SHORT HILLS ROAD","LIVINGSTON","07039","34013","Essex","36087","Rockland","35614","Alternative","NJ",2,"35644","New York-White Plains-Wayne, NY-NJ"
"310050","SAINT CLARE'S HOSPITAL","25 POCONO ROAD","DENVILLE","07834","34027","Morris","36087","Rockland","35614","Alternative","NJ",2,"35644","New York-White Plains-Wayne, NY-NJ"
"310039","RARITAN BAY MEDICAL CENTER","530 NEW BRUNSWICK AVE","PERTH AMBOY","08861","34023","Middlesex","36087","Rockland","35614","Alternative","NJ",4,"35644","New York-White Plains-Wayne, NY-NJ"
"330067","ST FRANCIS HOSPITAL","241 NORTH ROAD","POUGHKEEPSIE","12601","36027","Dutchess","36087","Rockland","35614","Alternative","NY",2,"35644","New York-White Plains-Wayne, NY-NJ"
"310070","SAINT PETER'S UNIVERSITY HOSPITAL","254 EASTON AVE","NEW BRUNSWICK","08901","34023","Middlesex","36087","Rockland","35614","Alternative","NJ",4,"35644","New York-White Plains-Wayne, NY-NJ"
"310054","HACKENSACK-UMC MOUNTAINSIDE","BAY AND HIGHLAND AVE","MONTCLAIR","07042","34013","Essex","36087","Rockland","35614","Alternative","NJ",2,"35644","New York-White Plains-Wayne, NY-NJ"
"310015","MORRISTOWN MEDICAL CENTER","100 MADISON AVE","MORRISTOWN","07962","34027","Morris","36087","Rockland","35614","Alternative","NJ",2,"35644","New York-White Plains-Wayne, NY-NJ"
"310108","JFK MEDICAL CTR - ANTHONY M. YELENCSICS COMMUNITY","65 JAMES STREET","EDISON","08818","34023","Middlesex","36087","Rockland","35614","Alternative","NJ",4,"35644","New York-White Plains-Wayne, NY-NJ"
"330023","VASSAR BROTHERS MEDICAL CENTER","45 READE PLACE","POUGHKEEPSIE","12601","36027","Dutchess","36087","Rockland","35614","Alternative","NY",2,"35644","New York-White Plains-Wayne, NY-NJ"
"310017","CHILTON MEDICAL CENTER","97 WEST PARKWAY","POMPTON PLAINS","07444","34027","Morris","36087","Rockland","35614","Alternative","NJ",2,"35644","New York-White Plains-Wayne, NY-NJ"
"330135","BON SECOURS COMMUNITY HOSPITAL","160 EAST MAIN STREET","PORT JERVIS","12771","36071","Orange","36087","Rockland","35614","Alternative","NY",1,"35644","New York-White Plains-Wayne, NY-NJ"
"070015","NEW MILFORD HOSPITAL","21 ELM ST","NEW MILFORD","06776","09005","Litchfield","36087","Rockland","35614","Alternative","CT",3,"35644","New York-White Plains-Wayne, NY-NJ"
"310119","UNIVERSITY HOSPITAL","150 BERGEN ST","NEWARK","07103","34013","Essex","36087","Rockland","35614","Alternative","NJ",2,"35644","New York-White Plains-Wayne, NY-NJ"
"310038","ROBERT WOOD JOHNSON UNIVERSITY HOSPITAL","ONE ROBERT WOOD JOHNSON PL","NEW BRUNSWICK","08901","34023","Middlesex","36087","Rockland","35614","Alternative","NJ",4,"35644","New York-White Plains-Wayne, NY-NJ"
"330126","ORANGE REGIONAL MEDICAL CENTER","707 EAST MAIN STREET","MIDDLETOWN","10940","36071","Orange","36087","Rockland","35614","Alternative","NY",1,"35644","New York-White Plains-Wayne, NY-NJ"
"310009","CLARA MAASS MEDICAL CENTER","ONE CLARA MAAS DRIVE","BELLEVILLE","07109","34013","Essex","36087","Rockland","35614","Alternative","NJ",2,"35644","New York-White Plains-Wayne, NY-NJ"
"310083","EAST ORANGE GENERAL HOSPITAL","300 CENTRAL AVE","EAST ORANGE","07018","34013","Essex","36087","Rockland","35614","Alternative","NJ",2,"35644","New York-White Plains-Wayne, NY-NJ"
"330205","ST ANTHONY COMMUNITY HOSPITAL","15 - 19  MAPLE AVENUE","WARWICK","10990","36071","Orange","36087","Rockland","35614","Alternative","NY",1,"35644","New York-White Plains-Wayne, NY-NJ"
"310096","SAINT MICHAEL'S MEDICAL CENTER, INC","111 CENTRAL AVENUE","NEWARK","07102","34013","Essex","36087","Rockland","35614","Alternative","NJ",2,"35644","New York-White Plains-Wayne, NY-NJ"
"310119","UNIVERSITY HOSPITAL","150 BERGEN ST","NEWARK","07103","34013","Essex","36119","Westchester","35614","Alternative","NJ",2,"35644","New York-White Plains-Wayne, NY-NJ"
"330126","ORANGE REGIONAL MEDICAL CENTER","707 EAST MAIN STREET","MIDDLETOWN","10940","36071","Orange","36119","Westchester","35614","Alternative","NY",2,"35644","New York-White Plains-Wayne, NY-NJ"
"310039","RARITAN BAY MEDICAL CENTER","530 NEW BRUNSWICK AVE","PERTH AMBOY","08861","34023","Middlesex","36119","Westchester","35614","Alternative","NJ",4,"35644","New York-White Plains-Wayne, NY-NJ"
"310076","SAINT BARNABAS MEDICAL CENTER","94 OLD SHORT HILLS ROAD","LIVINGSTON","07039","34013","Essex","36119","Westchester","35614","Alternative","NJ",2,"35644","New York-White Plains-Wayne, NY-NJ"
"330205","ST ANTHONY COMMUNITY HOSPITAL","15 - 19  MAPLE AVENUE","WARWICK","10990","36071","Orange","36119","Westchester","35614","Alternative","NY",2,"35644","New York-White Plains-Wayne, NY-NJ"
"310009","CLARA MAASS MEDICAL CENTER","ONE CLARA MAAS DRIVE","BELLEVILLE","07109","34013","Essex","36119","Westchester","35614","Alternative","NJ",2,"35644","New York-White Plains-Wayne, NY-NJ"
"330264","ST LUKE'S CORNWALL HOSPITAL","70 DUBOIS STREET","NEWBURGH","12550","36071","Orange","36119","Westchester","35614","Alternative","NY",2,"35644","New York-White Plains-Wayne, NY-NJ"
"330067","ST FRANCIS HOSPITAL","241 NORTH ROAD","POUGHKEEPSIE","12601","36027","Dutchess","36119","Westchester","35614","Alternative","NY",2,"35644","New York-White Plains-Wayne, NY-NJ"
"310017","CHILTON MEDICAL CENTER","97 WEST PARKWAY","POMPTON PLAINS","07444","34027","Morris","36119","Westchester","35614","Alternative","NJ",3,"35644","New York-White Plains-Wayne, NY-NJ"
"310002","NEWARK BETH ISRAEL MEDICAL CENTER","201 LYONS AVE","NEWARK","07112","34013","Essex","36119","Westchester","35614","Alternative","NJ",2,"35644","New York-White Plains-Wayne, NY-NJ"
"330023","VASSAR BROTHERS MEDICAL CENTER","45 READE PLACE","POUGHKEEPSIE","12601","36027","Dutchess","36119","Westchester","35614","Alternative","NY",2,"35644","New York-White Plains-Wayne, NY-NJ"
"310038","ROBERT WOOD JOHNSON UNIVERSITY HOSPITAL","ONE ROBERT WOOD JOHNSON PL","NEW BRUNSWICK","08901","34023","Middlesex","36119","Westchester","35614","Alternative","NJ",4,"35644","New York-White Plains-Wayne, NY-NJ"
"310050","SAINT CLARE'S HOSPITAL","25 POCONO ROAD","DENVILLE","07834","34027","Morris","36119","Westchester","35614","Alternative","NJ",3,"35644","New York-White Plains-Wayne, NY-NJ"
"330049","NORTHERN DUTCHESS HOSPITAL","6511 SPRINGBROOK AVENUE","RHINEBECK","12572","36027","Dutchess","36119","Westchester","35614","Alternative","NY",2,"35644","New York-White Plains-Wayne, NY-NJ"
"310108","JFK MEDICAL CTR - ANTHONY M. YELENCSICS COMMUNITY","65 JAMES STREET","EDISON","08818","34023","Middlesex","36119","Westchester","35614","Alternative","NJ",4,"35644","New York-White Plains-Wayne, NY-NJ"
"330135","BON SECOURS COMMUNITY HOSPITAL","160 EAST MAIN STREET","PORT JERVIS","12771","36071","Orange","36119","Westchester","35614","Alternative","NY",2,"35644","New York-White Plains-Wayne, NY-NJ"
"070015","NEW MILFORD HOSPITAL","21 ELM ST","NEW MILFORD","06776","09005","Litchfield","36119","Westchester","35614","Alternative","CT",2,"35644","New York-White Plains-Wayne, NY-NJ"
"310054","HACKENSACK-UMC MOUNTAINSIDE","BAY AND HIGHLAND AVE","MONTCLAIR","07042","34013","Essex","36119","Westchester","35614","Alternative","NJ",2,"35644","New York-White Plains-Wayne, NY-NJ"
"310083","EAST ORANGE GENERAL HOSPITAL","300 CENTRAL AVE","EAST ORANGE","07018","34013","Essex","36119","Westchester","35614","Alternative","NJ",2,"35644","New York-White Plains-Wayne, NY-NJ"
"310070","SAINT PETER'S UNIVERSITY HOSPITAL","254 EASTON AVE","NEW BRUNSWICK","08901","34023","Middlesex","36119","Westchester","35614","Alternative","NJ",4,"35644","New York-White Plains-Wayne, NY-NJ"
"310015","MORRISTOWN MEDICAL CENTER","100 MADISON AVE","MORRISTOWN","07962","34027","Morris","36119","Westchester","35614","Alternative","NJ",3,"35644","New York-White Plains-Wayne, NY-NJ"
"310096","SAINT MICHAEL'S MEDICAL CENTER, INC","111 CENTRAL AVENUE","NEWARK","07102","34013","Essex","36119","Westchester","35614","Alternative","NJ",2,"35644","New York-White Plains-Wayne, NY-NJ"
"420085","GRAND STRAND REGIONAL MEDICAL CENTER","809 82ND PARKWAY","MYRTLE BEACH","29572","45051","Horry","37019","Brunswick","34820","Alternative","SC",1,"48900","Wilmington, NC"
"340042","ONSLOW MEMORIAL HOSPITAL","317 WESTERN BOULEVARD","JACKSONVILLE","28540","37133","Onslow","37019","Brunswick","34820","Alternative","NC",2,"48900","Wilmington, NC"
"340068","COLUMBUS REGIONAL HEALTHCARE SYSTEM","500 JEFFERSON ST","WHITEVILLE","28472","37047","Columbus","37019","Brunswick","34820","Alternative","NC",1,"48900","Wilmington, NC"
"420085","GRAND STRAND REGIONAL MEDICAL CENTER","809 82ND PARKWAY","MYRTLE BEACH","29572","45051","Horry","37129","New Hanover","48900","Current","SC",2,"48900","Wilmington, NC"
"340068","COLUMBUS REGIONAL HEALTHCARE SYSTEM","500 JEFFERSON ST","WHITEVILLE","28472","37047","Columbus","37129","New Hanover","48900","Current","NC",2,"48900","Wilmington, NC"
"340042","ONSLOW MEMORIAL HOSPITAL","317 WESTERN BOULEVARD","JACKSONVILLE","28540","37133","Onslow","37129","New Hanover","48900","Current","NC",2,"48900","Wilmington, NC"
"340068","COLUMBUS REGIONAL HEALTHCARE SYSTEM","500 JEFFERSON ST","WHITEVILLE","28472","37047","Columbus","37141","Pender","48900","Current","NC",1,"48900","Wilmington, NC"
"340042","ONSLOW MEMORIAL HOSPITAL","317 WESTERN BOULEVARD","JACKSONVILLE","28540","37133","Onslow","37141","Pender","48900","Current","NC",1,"48900","Wilmington, NC"
"420085","GRAND STRAND REGIONAL MEDICAL CENTER","809 82ND PARKWAY","MYRTLE BEACH","29572","45051","Horry","37141","Pender","48900","Current","SC",2,"48900","Wilmington, NC"
"310014","COOPER UNIVERSITY HOSPITAL","1 COOPER PLAZA","CAMDEN","08103","34007","Camden","42017","Bucks","33874","Alternative","NJ",2,"37964","Philadelphia, PA"
"310014","COOPER UNIVERSITY HOSPITAL","1 COOPER PLAZA","CAMDEN","08103","34007","Camden","42029","Chester","33874","Alternative","NJ",3,"37964","Philadelphia, PA"
"310014","COOPER UNIVERSITY HOSPITAL","1 COOPER PLAZA","CAMDEN","08103","34007","Camden","42045","Delaware","37964","Current","NJ",2,"37964","Philadelphia, PA"
"310014","COOPER UNIVERSITY HOSPITAL","1 COOPER PLAZA","CAMDEN","08103","34007","Camden","42091","Montgomery","33874","Alternative","NJ",2,"37964","Philadelphia, PA"
"310014","COOPER UNIVERSITY HOSPITAL","1 COOPER PLAZA","CAMDEN","08103","34007","Camden","42101","Philadelphia","37964","Current","NJ",1,"37964","Philadelphia, PA"
"510070","RALEIGH GENERAL HOSPITAL","1710 HARPER ROAD","BECKLEY","25801","54081","Raleigh","54005","Boone","16620","Current","WV",1,"16620","Charleston, WV"
"510062","BECKLEY ARH HOSPITAL","306 STANAFORD ROAD","BECKLEY","25801","54081","Raleigh","54005","Boone","16620","Current","WV",1,"16620","Charleston, WV"
"510062","BECKLEY ARH HOSPITAL","306 STANAFORD ROAD","BECKLEY","25801","54081","Raleigh","54015","Clay","16620","Current","WV",2,"16620","Charleston, WV"
"510070","RALEIGH GENERAL HOSPITAL","1710 HARPER ROAD","BECKLEY","25801","54081","Raleigh","54015","Clay","16620","Current","WV",2,"16620","Charleston, WV"
"510062","BECKLEY ARH HOSPITAL","306 STANAFORD ROAD","BECKLEY","25801","54081","Raleigh","54039","Kanawha","16620","Current","WV",1,"16620","Charleston, WV"
"510070","RALEIGH GENERAL HOSPITAL","1710 HARPER ROAD","BECKLEY","25801","54081","Raleigh","54039","Kanawha","16620","Current","WV",1,"16620","Charleston, WV"
"510070","RALEIGH GENERAL HOSPITAL","1710 HARPER ROAD","BECKLEY","25801","54081","Raleigh","54043","Lincoln","26580","Alternative","WV",2,"16620","Charleston, WV"
"510062","BECKLEY ARH HOSPITAL","306 STANAFORD ROAD","BECKLEY","25801","54081","Raleigh","54043","Lincoln","26580","Alternative","WV",2,"16620","Charleston, WV"
"510070","RALEIGH GENERAL HOSPITAL","1710 HARPER ROAD","BECKLEY","25801","54081","Raleigh","54079","Putnam","26580","Alternative","WV",2,"16620","Charleston, WV"
"510062","BECKLEY ARH HOSPITAL","306 STANAFORD ROAD","BECKLEY","25801","54081","Raleigh","54079","Putnam","26580","Alternative","WV",2,"16620","Charleston, WV"
