ccn,facility_name,fips1,fips1_name,fips2,fips2_name,fips2_cbsa,type,state,order,old_cbsa,old_cbsa_name
"070015","Hospital 000001","09005","Litchfield","36079","Putnam","20524","Alternative_1","CT",2,"35644","New York-White Plains-Wayne, NY-NJ"
"070015","Hospital 000001","09005","Litchfield","34003","Bergen","35614","Alternative_2","CT",3,"35644","New York-White Plains-Wayne, NY-NJ"
"070015","Hospital 000001","09005","Litchfield","34017","Hudson","35614","Alternative_2","CT",4,"35644","New York-White Plains-Wayne, NY-NJ"
"070015","Hospital 000001","09005","Litchfield","34031","Passaic","35614","Alternative_2","CT",3,"35644","New York-White Plains-Wayne, NY-NJ"
"070015","Hospital 000001","09005","Litchfield","36005","Bronx","35614","Alternative_2","CT",3,"35644","New York-White Plains-Wayne, NY-NJ"
"070015","Hospital 000001","09005","Litchfield","36047","Kings","35614","Alternative_2","CT",4,"35644","New York-White Plains-Wayne, NY-NJ"
"070015","Hospital 000001","09005","Litchfield","36061","New York","35614","Alternative_2","CT",4,"35644","New York-White Plains-Wayne, NY-NJ"
"070015","Hospital 000001","09005","Litchfield","36081","Queens","35614","Alternative_2","CT",3,"35644","New York-White Plains-Wayne, NY-NJ"
"070015","Hospital 000001","09005","Litchfield","36085","Richmond","35614","Alternative_2","CT",4,"35644","New York-White Plains-Wayne, NY-NJ"
"070015","Hospital 000001","09005","Litchfield","36087","Rockland","35614","Alternative_2","CT",3,"35644","New York-White Plains-Wayne, NY-NJ"
"070015","Hospital 000001","09005","Litchfield","36119","Westchester","35614","Alternative_2","CT",2,"35644","New York-White Plains-Wayne, NY-NJ"
"140012","Hospital 000002","17103","Lee","17031","Cook","16974","Current","IL",3,"16974","Chicago-Joliet-Naperville, IL"
"140012","Hospital 000002","17103","Lee","17043","DuPage","16974","Current","IL",3,"16974","Chicago-Joliet-Naperville, IL"
"140012","Hospital 000002","17103","Lee","17063","Grundy","16974","Current","IL",2,"16974","Chicago-Joliet-Naperville, IL"
"140012","Hospital 000002","17103","Lee","17093","Kendall","16974","Current","IL",2,"16974","Chicago-Joliet-Naperville, IL"
"140012","Hospital 000002","17103","Lee","17111","McHenry","16974","Current","IL",2,"16974","Chicago-Joliet-Naperville, IL"
"140012","Hospital 000002","17103","Lee","17197","Will","16974","Current","IL",3,"16974","Chicago-Joliet-Naperville, IL"
"140012","Hospital 000002","17103","Lee","17037","DeKalb","20994","Alternative_1","IL",1,"16974","Chicago-Joliet-Naperville, IL"
"140012","Hospital 000002","17103","Lee","17089","Kane","20994","Alternative_1","IL",2,"16974","Chicago-Joliet-Naperville, IL"
"140110","Hospital 000003","17099","LaSalle","17031","Cook","16974","Current","IL",3,"16974","Chicago-Joliet-Naperville, IL"
"140110","Hospital 000003","17099","LaSalle","17043","DuPage","16974","Current","IL",2,"16974","Chicago-Joliet-Naperville, IL"
"140110","Hospital 000003","17099","LaSalle","17063","Grundy","16974","Current","IL",1,"16974","Chicago-Joliet-Naperville, IL"
"140110","Hospital 000003","17099","LaSalle","17093","Kendall","16974","Current","IL",1,"16974","Chicago-Joliet-Naperville, IL"
"140110","Hospital 000003","17099","LaSalle","17111","McHenry","16974","Current","IL",2,"16974","Chicago-Joliet-Naperville, IL"
"140110","Hospital 000003","17099","LaSalle","17197","Will","16974","Current","IL",2,"16974","Chicago-Joliet-Naperville, IL"
"140110","Hospital 000003","17099","LaSalle","17037","DeKalb","20994","Alternative_1","IL",1,"16974","Chicago-Joliet-Naperville, IL"
"140110","Hospital 000003","17099","LaSalle","17089","Kane","20994","Alternative_1","IL",2,"16974","Chicago-Joliet-Naperville, IL"
"140155","Hospital 000004","17091","Kankakee","17031","Cook","16974","Current","IL",2,"16974","Chicago-Joliet-Naperville, IL"
"140155","Hospital 000004","17091","Kankakee","17043","DuPage","16974","Current","IL",2,"16974","Chicago-Joliet-Naperville, IL"
"140155","Hospital 000004","17091","Kankakee","17063","Grundy","16974","Current","IL",1,"16974","Chicago-Joliet-Naperville, IL"
"140155","Hospital 000004","17091","Kankakee","17093","Kendall","16974","Current","IL",2,"16974","Chicago-Joliet-Naperville, IL"
"140155","Hospital 000004","17091","Kankakee","17111","McHenry","16974","Current","IL",3,"16974","Chicago-Joliet-Naperville, IL"
"140155","Hospital 000004","17091","Kankakee","17197","Will","16974","Current","IL",1,"16974","Chicago-Joliet-Naperville, IL"
"140155","Hospital 000004","17091","Kankakee","17037","DeKalb","20994","Alternative_1","IL",3,"16974","Chicago-Joliet-Naperville, IL"
"140155","Hospital 000004","17091","Kankakee","17089","Kane","20994","Alternative_1","IL",3,"16974","Chicago-Joliet-Naperville, IL"
"140161","Hospital 000005","17105","Livingston","17031","Cook","16974","Current","IL",3,"16974","Chicago-Joliet-Naperville, IL"
"140161","Hospital 000005","17105","Livingston","17043","DuPage","16974","Current","IL",3,"16974","Chicago-Joliet-Naperville, IL"
"140161","Hospital 000005","17105","Livingston","17063","Grundy","16974","Current","IL",1,"16974","Chicago-Joliet-Naperville, IL"
"140161","Hospital 000005","17105","Livingston","17093","Kendall","16974","Current","IL",2,"16974","Chicago-Joliet-Naperville, IL"
"140161","Hospital 000005","17105","Livingston","17111","McHenry","16974","Current","IL",3,"16974","Chicago-Joliet-Naperville, IL"
"140161","Hospital 000005","17105","Livingston","17197","Will","16974","Current","IL",2,"16974","Chicago-Joliet-Naperville, IL"
"140161","Hospital 000005","17105","Livingston","17037","DeKalb","20994","Alternative_1","IL",2,"16974","Chicago-Joliet-Naperville, IL"
"140161","Hospital 000005","17105","Livingston","17089","Kane","20994","Alternative_1","IL",3,"16974","Chicago-Joliet-Naperville, IL"
"140186","Hospital 000006","17091","Kankakee","17031","Cook","16974","Current","IL",2,"16974","Chicago-Joliet-Naperville, IL"
"140186","Hospital 000006","17091","Kankakee","17043","DuPage","16974","Current","IL",2,"16974","Chicago-Joliet-Naperville, IL"
"140186","Hospital 000006","17091","Kankakee","17063","Grundy","16974","Current","IL",1,"16974","Chicago-Joliet-Naperville, IL"
"140186","Hospital 000006","17091","Kankakee","17093","Kendall","16974","Current","IL",2,"16974","Chicago-Joliet-Naperville, IL"
"140186","Hospital 000006","17091","Kankakee","17111","McHenry","16974","Current","IL",3,"16974","Chicago-Joliet-Naperville, IL"
"140186","Hospital 000006","17091","Kankakee","17197","Will","16974","Current","IL",1,"16974","Chicago-Joliet-Naperville, IL"
"140186","Hospital 000006","17091","Kankakee","17037","DeKalb","20994","Alternative_1","IL",3,"16974","Chicago-Joliet-Naperville, IL"
"140186","Hospital 000006","17091","Kankakee","17089","Kane","20994","Alternative_1","IL",3,"16974","Chicago-Joliet-Naperville, IL"
"150002","Hospital 000007","18089","Lake","17031","Cook","16974","Current","IN",1,"16974","Chicago-Joliet-Naperville, IL"
"150002","Hospital 000007","18089","Lake","17043","DuPage","16974","Current","IN",2,"16974","Chicago-Joliet-Naperville, IL"
"150002","Hospital 000007","18089","Lake","17063","Grundy","16974","Current","IN",2,"16974","Chicago-Joliet-Naperville, IL"
"150002","Hospital 000007","18089","Lake","17093","Kendall","16974","Current","IN",2,"16974","Chicago-Joliet-Naperville, IL"
"150002","Hospital 000007","18089","Lake","17111","McHenry","16974","Current","IN",2,"16974","Chicago-Joliet-Naperville, IL"
"150002","Hospital 000007","18089","Lake","17197","Will","16974","Current","IN",1,"16974","Chicago-Joliet-Naperville, IL"
"150002","Hospital 000007","18089","Lake","17037","DeKalb","20994","Alternative_1","IN",3,"16974","Chicago-Joliet-Naperville, IL"
"150002","Hospital 000007","18089","Lake","17089","Kane","20994","Alternative_1","IN",2,"16974","Chicago-Joliet-Naperville, IL"
"150004","Hospital 000008","18089","Lake","17031","Cook","16974","Current","IN",1,"16974","Chicago-Joliet-Naperville, IL"
"150004","Hospital 000008","18089","Lake","17043","DuPage","16974","Current","IN",2,"16974","Chicago-Joliet-Naperville, IL"
"150004","Hospital 000008","18089","Lake","17063","Grundy","16974","Current","IN",2,"16974","Chicago-Joliet-Naperville, IL"
"150004","Hospital 000008","18089","Lake","17093","Kendall","16974","Current","IN",2,"16974","Chicago-Joliet-Naperville, IL"
"150004","Hospital 000008","18089","Lake","17111","McHenry","16974","Current","IN",2,"16974","Chicago-Joliet-Naperville, IL"
"150004","Hospital 000008","18089","Lake","17197","Will","16974","Current","IN",1,"16974","Chicago-Joliet-Naperville, IL"
"150004","Hospital 000008","18089","Lake","17037","DeKalb","20994","Alternative_1","IN",3,"16974","Chicago-Joliet-Naperville, IL"
"150004","Hospital 000008","18089","Lake","17089","Kane","20994","Alternative_1","IN",2,"16974","Chicago-Joliet-Naperville, IL"
"150008","Hospital 000009","18089","Lake","17031","Cook","16974","Current","IN",1,"16974","Chicago-Joliet-Naperville, IL"
"150008","Hospital 000009","18089","Lake","17043","DuPage","16974","Current","IN",2,"16974","Chicago-Joliet-Naperville, IL"
"150008","Hospital 000009","18089","Lake","17063","Grundy","16974","Current","IN",2,"16974","Chicago-Joliet-Naperville, IL"
"150008","Hospital 000009","18089","Lake","17093","Kendall","16974","Current","IN",2,"16974","Chicago-Joliet-Naperville, IL"
"150008","Hospital 000009","18089","Lake","17111","McHenry","16974","Current","IN",2,"16974","Chicago-Joliet-Naperville, IL"
"150008","Hospital 000009","18089","Lake","17197","Will","16974","Current","IN",1,"16974","Chicago-Joliet-Naperville, IL"
"150008","Hospital 000009","18089","Lake","17037","DeKalb","20994","Alternative_1","IN",3,"16974","Chicago-Joliet-Naperville, IL"
"150008","Hospital 000009","18089","Lake","17089","Kane","20994","Alternative_1","IN",2,"16974","Chicago-Joliet-Naperville, IL"
"150034","Hospital 000010","18089","Lake","17031","Cook","16974","Current","IN",1,"16974","Chicago-Joliet-Naperville, IL"
"150034","Hospital 000010","18089","Lake","17043","DuPage","16974","Current","IN",2,"16974","Chicago-Joliet-Naperville, IL"
"150034","Hospital 000010","18089","Lake","17063","Grundy","16974","Current","IN",2,"16974","Chicago-Joliet-Naperville, IL"
"150034","Hospital 000010","18089","Lake","17093","Kendall","16974","Current","IN",2,"16974","Chicago-Joliet-Naperville, IL"
"150034","Hospital 000010","18089","Lake","17111","McHenry","16974","Current","IN",2,"16974","Chicago-Joliet-Naperville, IL"
"150034","Hospital 000010","18089","Lake","17197","Will","16974","Current","IN",1,"16974","Chicago-Joliet-Naperville, IL"
"150034","Hospital 000010","18089","Lake","17037","DeKalb","20994","Alternative_1","IN",3,"16974","Chicago-Joliet-Naperville, IL"
"150034","Hospital 000010","18089","Lake","17089","Kane","20994","Alternative_1","IN",2,"16974","Chicago-Joliet-Naperville, IL"
"150090","Hospital 000011","18089","Lake","17031","Cook","16974","Current","IN",1,"16974","Chicago-Joliet-Naperville, IL"
"150090","Hospital 000011","18089","Lake","17043","DuPage","16974","Current","IN",2,"16974","Chicago-Joliet-Naperville, IL"
"150090","Hospital 000011","18089","Lake","17063","Grundy","16974","Current","IN",2,"16974","Chicago-Joliet-Naperville, IL"
"150090","Hospital 000011","18089","Lake","17093","Kendall","16974","Current","IN",2,"16974","Chicago-Joliet-Naperville, IL"
"150090","Hospital 000011","18089","Lake","17111","McHenry","16974","Current","IN",2,"16974","Chicago-Joliet-Naperville, IL"
"150090","Hospital 000011","18089","Lake","17197","Will","16974","Current","IN",1,"16974","Chicago-Joliet-Naperville, IL"
"150090","Hospital 000011","18089","Lake","17037","DeKalb","20994","Alternative_1","IN",3,"16974","Chicago-Joliet-Naperville, IL"
"150090","Hospital 000011","18089","Lake","17089","Kane","20994","Alternative_1","IN",2,"16974","Chicago-Joliet-Naperville, IL"
"150125","Hospital 000012","18089","Lake","17031","Cook","16974","Current","IN",1,"16974","Chicago-Joliet-Naperville, IL"
"150125","Hospital 000012","18089","Lake","17043","DuPage","16974","Current","IN",2,"16974","Chicago-Joliet-Naperville, IL"
"150125","Hospital 000012","18089","Lake","17063","Grundy","16974","Current","IN",2,"16974","Chicago-Joliet-Naperville, IL"
"150125","Hospital 000012","18089","Lake","17093","Kendall","16974","Current","IN",2,"16974","Chicago-Joliet-Naperville, IL"
"150125","Hospital 000012","18089","Lake","17111","McHenry","16974","Current","IN",2,"16974","Chicago-Joliet-Naperville, IL"
"150125","Hospital 000012","18089","Lake","17197","Will","16974","Current","IN",1,"16974","Chicago-Joliet-Naperville, IL"
"150125","Hospital 000012","18089","Lake","17037","DeKalb","20994","Alternative_1","IN",3,"16974","Chicago-Joliet-Naperville, IL"
"150125","Hospital 000012","18089","Lake","17089","Kane","20994","Alternative_1","IN",2,"16974","Chicago-Joliet-Naperville, IL"
"150126","Hospital 000013","18089","Lake","17031","Cook","16974","Current","IN",1,"16974","Chicago-Joliet-Naperville, IL"
"150126","Hospital 000013","18089","Lake","17043","DuPage","16974","Current","IN",2,"16974","Chicago-Joliet-Naperville, IL"
"150126","Hospital 000013","18089","Lake","17063","Grundy","16974","Current","IN",2,"16974","Chicago-Joliet-Naperville, IL"
"150126","Hospital 000013","18089","Lake","17093","Kendall","16974","Current","IN",2,"16974","Chicago-Joliet-Naperville, IL"
"150126","Hospital 000013","18089","Lake","17111","McHenry","16974","Current","IN",2,"16974","Chicago-Joliet-Naperville, IL"
"150126","Hospital 000013","18089","Lake","17197","Will","16974","Current","IN",1,"16974","Chicago-Joliet-Naperville, IL"
"150126","Hospital 000013","18089","Lake","17037","DeKalb","20994","Alternative_1","IN",3,"16974","Chicago-Joliet-Naperville, IL"
"150126","Hospital 000013","18089","Lake","17089","Kane","20994","Alternative_1","IN",2,"16974","Chicago-Joliet-Naperville, IL"
"150165","Hospital 000014","18089","Lake","17031","Cook","16974","Current","IN",1,"16974","Chicago-Joliet-Naperville, IL"
"150165","Hospital 000014","18089","Lake","17043","DuPage","16974","Current","IN",2,"16974","Chicago-Joliet-Naperville, IL"
"150165","Hospital 000014","18089","Lake","17063","Grundy","16974","Current","IN",2,"16974","Chicago-Joliet-Naperville, IL"
"150165","Hospital 000014","18089","Lake","17093","Kendall","16974","Current","IN",2,"16974","Chicago-Joliet-Naperville, IL"
"150165","Hospital 000014","18089","Lake","17111","McHenry","16974","Current","IN",2,"16974","Chicago-Joliet-Naperville, IL"
"150165","Hospital 000014","18089","Lake","17197","Will","16974","Current","IN",1,"16974","Chicago-Joliet-Naperville, IL"
"150165","Hospital 000014","18089","Lake","17037","DeKalb","20994","Alternative_1","IN",3,"16974","Chicago-Joliet-Naperville, IL"
"150165","Hospital 000014","18089","Lake","17089","Kane","20994","Alternative_1","IN",2,"16974","Chicago-Joliet-Naperville, IL"
"150166","Hospital 000015","18089","Lake","17031","Cook","16974","Current","IN",1,"16974","Chicago-Joliet-Naperville, IL"
"150166","Hospital 000015","18089","Lake","17043","DuPage","16974","Current","IN",2,"16974","Chicago-Joliet-Naperville, IL"
"150166","Hospital 000015","18089","Lake","17063","Grundy","16974","Current","IN",2,"16974","Chicago-Joliet-Naperville, IL"
"150166","Hospital 000015","18089","Lake","17093","Kendall","16974","Current","IN",2,"16974","Chicago-Joliet-Naperville, IL"
"150166","Hospital 000015","18089","Lake","17111","McHenry","16974","Current","IN",2,"16974","Chicago-Joliet-Naperville, IL"
"150166","Hospital 000015","18089","Lake","17197","Will","16974","Current","IN",1,"16974","Chicago-Joliet-Naperville, IL"
"150166","Hospital 000015","18089","Lake","17037","DeKalb","20994","Alternative_1","IN",3,"16974","Chicago-Joliet-Naperville, IL"
"150166","Hospital 000015","18089","Lake","17089","Kane","20994","Alternative_1","IN",2,"16974","Chicago-Joliet-Naperville, IL"
"180012","Hospital 000016","21093","Hardin","21163","Meade","21060","Alternative_1","KY",1,"31140","Louisville/Jefferson County, KY-IN"
"180012","Hospital 000016","21093","Hardin","18019","Clark","31140","Current","KY",2,"31140","Louisville/Jefferson County, KY-IN"
"180012","Hospital 000016","21093","Hardin","18043","Floyd","31140","Current","KY",2,"31140","Louisville/Jefferson County, KY-IN"
"180012","Hospital 000016","21093","Hardin","18061","Harrison","31140","Current","KY",1,"31140","Louisville/Jefferson County, KY-IN"
"180012","Hospital 000016","21093","Hardin","18175","Washington","31140","Current","KY",2,"31140","Louisville/Jefferson County, KY-IN"
"180012","Hospital 000016","21093","Hardin","21029","Bullitt","31140","Current","KY",1,"31140","Louisville/Jefferson County, KY-IN"
"180012","Hospital 000016","21093","Hardin","21103","Henry","31140","Current","KY",3,"31140","Louisville/Jefferson County, KY-IN"
"180012","Hospital 000016","21093","Hardin","21111","Jefferson","31140","Current","KY",1,"31140","Louisville/Jefferson County, KY-IN"
"180012","Hospital 000016","21093","Hardin","21179","Nelson","31140","Current","KY",1,"31140","Louisville/Jefferson County, KY-IN"
"180012","Hospital 000016","21093","Hardin","21185","Oldham","31140","Current","KY",2,"31140","Louisville/Jefferson County, KY-IN"
"180012","Hospital 000016","21093","Hardin","21211","Shelby","31140","Current","KY",2,"31140","Louisville/Jefferson County, KY-IN"
"180012","Hospital 000016","21093","Hardin","21215","Spencer","31140","Current","KY",2,"31140","Louisville/Jefferson County, KY-IN"
"180012","Hospital 000016","21093","Hardin","21223","Trimble","31140","Current","KY",3,"31140","Louisville/Jefferson County, KY-IN"
"180024","Hospital 000017","21155","Marion","21163","Meade","21060","Alternative_1","KY",3,"31140","Louisville/Jefferson County, KY-IN"
"180024","Hospital 000017","21155","Marion","18019","Clark","31140","Current","KY",4,"31140","Louisville/Jefferson County, KY-IN"
"180024","Hospital 000017","21155","Marion","18043","Floyd","31140","Current","KY",4,"31140","Louisville/Jefferson County, KY-IN"
"180024","Hospital 000017","21155","Marion","18061","Harrison","31140","Current","KY",3,"31140","Louisville/Jefferson County, KY-IN"
"180024","Hospital 000017","21155","Marion","18175","Washington","31140","Current","KY",4,"31140","Louisville/Jefferson County, KY-IN"
"180024","Hospital 000017","21155","Marion","21029","Bullitt","31140","Current","KY",2,"31140","Louisville/Jefferson County, KY-IN"
"180024","Hospital 000017","21155","Marion","21103","Henry","31140","Current","KY",4,"31140","Louisville/Jefferson County, KY-IN"
"180024","Hospital 000017","21155","Marion","21111","Jefferson","31140","Current","KY",3,"31140","Louisville/Jefferson County, KY-IN"
"180024","Hospital 000017","21155","Marion","21179","Nelson","31140","Current","KY",1,"31140","Louisville/Jefferson County, KY-IN"
"180024","Hospital 000017","21155","Marion","21185","Oldham","31140","Current","KY",4,"31140","Louisville/Jefferson County, KY-IN"
"180024","Hospital 000017","21155","Marion","21211","Shelby","31140","Current","KY",3,"31140","Louisville/Jefferson County, KY-IN"
"180024","Hospital 000017","21155","Marion","21215","Spencer","31140","Current","KY",2,"31140","Louisville/Jefferson County, KY-IN"
"180024","Hospital 000017","21155","Marion","21223","Trimble","31140","Current","KY",5,"31140","Louisville/Jefferson County, KY-IN"
"180048","Hospital 000018","21021","Boyle","21163","Meade","21060","Alternative_1","KY",4,"31140","Louisville/Jefferson County, KY-IN"
"180048","Hospital 000018","21021","Boyle","18019","Clark","31140","Current","KY",5,"31140","Louisville/Jefferson County, KY-IN"
"180048","Hospital 000018","21021","Boyle","18043","Floyd","31140","Current","KY",5,"31140","Louisville/Jefferson County, KY-IN"
"180048","Hospital 000018","21021","Boyle","18061","Harrison","31140","Current","KY",4,"31140","Louisville/Jefferson County, KY-IN"
"180048","Hospital 000018","21021","Boyle","18175","Washington","31140","Current","KY",5,"31140","Louisville/Jefferson County, KY-IN"
"180048","Hospital 000018","21021","Boyle","21029","Bullitt","31140","Current","KY",3,"31140","Louisville/Jefferson County, KY-IN"
"180048","Hospital 000018","21021","Boyle","21103","Henry","31140","Current","KY",4,"31140","Louisville/Jefferson County, KY-IN"
"180048","Hospital 000018","21021","Boyle","21111","Jefferson","31140","Current","KY",4,"31140","Louisville/Jefferson County, KY-IN"
"180048","Hospital 000018","21021","Boyle","21179","Nelson","31140","Current","KY",2,"31140","Louisville/Jefferson County, KY-IN"
"180048","Hospital 000018","21021","Boyle","21185","Oldham","31140","Current","KY",4,"31140","Louisville/Jefferson County, KY-IN"
"180048","Hospital 000018","21021","Boyle","21211","Shelby","31140","Current","KY",3,"31140","Louisville/Jefferson County, KY-IN"
"180048","Hospital 000018","21021","Boyle","21215","Spencer","31140","Current","KY",3,"31140","Louisville/Jefferson County, KY-IN"
"180048","Hospital 000018","21021","Boyle","21223","Trimble","31140","Current","KY",5,"31140","Louisville/Jefferson County, KY-IN"
"310002","Hospital 000019","34013","Essex","36079","Putnam","20524","Alternative_1","NJ",3,"35644","New York-White Plains-Wayne, NY-NJ"
"310002","Hospital 000019","34013","Essex","34003","Bergen","35614","Alternative_2","NJ",1,"35644","New York-White Plains-Wayne, NY-NJ"
"310002","Hospital 000019","34013","Essex","34017","Hudson","35614","Alternative_2","NJ",1,"35644","New York-White Plains-Wayne, NY-NJ"
"310002","Hospital 000019","34013","Essex","34031","Passaic","35614","Alternative_2","NJ",1,"35644","New York-White Plains-Wayne, NY-NJ"
"310002","Hospital 000019","34013","Essex","36005","Bronx","35614","Alternative_2","NJ",2,"35644","New York-White Plains-Wayne, NY-NJ"
"310002","Hospital 000019","34013","Essex","36047","Kings","35614","Alternative_2","NJ",2,"35644","New York-White Plains-Wayne, NY-NJ"
"310002","Hospital 000019","34013","Essex","36061","New York","35614","Alternative_2","NJ",2,"35644","New York-White Plains-Wayne, NY-NJ"
"310002","Hospital 000019","34013","Essex","36081","Queens","35614","Alternative_2","NJ",3,"35644","New York-White Plains-Wayne, NY-NJ"
"310002","Hospital 000019","34013","Essex","36085","Richmond","35614","Alternative_2","NJ",2,"35644","New York-White Plains-Wayne, NY-NJ"
"310002","Hospital 000019","34013","Essex","36087","Rockland","35614","Alternative_2","NJ",2,"35644","New York-White Plains-Wayne, NY-NJ"
"310002","Hospital 000019","34013","Essex","36119","Westchester","35614","Alternative_2","NJ",2,"35644","New York-White Plains-Wayne, NY-NJ"
"310009","Hospital 000020","34013","Essex","36079","Putnam","20524","Alternative_1","NJ",3,"35644","New York-White Plains-Wayne, NY-NJ"
"310009","Hospital 000020","34013","Essex","34003","Bergen","35614","Alternative_2","NJ",1,"35644","New York-White Plains-Wayne, NY-NJ"
"310009","Hospital 000020","34013","Essex","34017","Hudson","35614","Alternative_2","NJ",1,"35644","New York-White Plains-Wayne, NY-NJ"
"310009","Hospital 000020","34013","Essex","34031","Passaic","35614","Alternative_2","NJ",1,"35644","New York-White Plains-Wayne, NY-NJ"
"310009","Hospital 000020","34013","Essex","36005","Bronx","35614","Alternative_2","NJ",2,"35644","New York-White Plains-Wayne, NY-NJ"
"310009","Hospital 000020","34013","Essex","36047","Kings","35614","Alternative_2","NJ",2,"35644","New York-White Plains-Wayne, NY-NJ"
"310009","Hospital 000020","34013","Essex","36061","New York","35614","Alternative_2","NJ",2,"35644","New York-White Plains-Wayne, NY-NJ"
"310009","Hospital 000020","34013","Essex","36081","Queens","35614","Alternative_2","NJ",3,"35644","New York-White Plains-Wayne, NY-NJ"
"310009","Hospital 000020","34013","Essex","36085","Richmond","35614","Alternative_2","NJ",2,"35644","New York-White Plains-Wayne, NY-NJ"
"310009","Hospital 000020","34013","Essex","36087","Rockland","35614","Alternative_2","NJ",2,"35644","New York-White Plains-Wayne, NY-NJ"
"310009","Hospital 000020","34013","Essex","36119","Westchester","35614","Alternative_2","NJ",2,"35644","New York-White Plains-Wayne, NY-NJ"
"310014","Hospital 000021","34007","Camden","42017","Bucks","33874","Alternative_1","NJ",2,"37964","Philadelphia, PA"
"310014","Hospital 000021","34007","Camden","42029","Chester","33874","Alternative_1","NJ",3,"37964","Philadelphia, PA"
"310014","Hospital 000021","34007","Camden","42091","Montgomery","33874","Alternative_1","NJ",2,"37964","Philadelphia, PA"
"310014","Hospital 000021","34007","Camden","42045","Delaware","37964","Current","NJ",2,"37964","Philadelphia, PA"
"310014","Hospital 000021","34007","Camden","42101","Philadelphia","37964","Current","NJ",1,"37964","Philadelphia, PA"
"310015","Hospital 000022","34027","Morris","36079","Putnam","20524","Alternative_1","NJ",3,"35644","New York-White Plains-Wayne, NY-NJ"
"310015","Hospital 000022","34027","Morris","34003","Bergen","35614","Alternative_2","NJ",2,"35644","New York-White Plains-Wayne, NY-NJ"
"310015","Hospital 000022","34027","Morris","34017","Hudson","35614","Alternative_2","NJ",2,"35644","New York-White Plains-Wayne, NY-NJ"
"310015","Hospital 000022","34027","Morris","34031","Passaic","35614","Alternative_2","NJ",1,"35644","New York-White Plains-Wayne, NY-NJ"
"310015","Hospital 000022","34027","Morris","36005","Bronx","35614","Alternative_2","NJ",3,"35644","New York-White Plains-Wayne, NY-NJ"
"310015","Hospital 000022","34027","Morris","36047","Kings","35614","Alternative_2","NJ",3,"35644","New York-White Plains-Wayne, NY-NJ"
"310015","Hospital 000022","34027","Morris","36061","New York","35614","Alternative_2","NJ",3,"35644","New York-White Plains-Wayne, NY-NJ"
"310015","Hospital 000022","34027","Morris","36081","Queens","35614","Alternative_2","NJ",3,"35644","New York-White Plains-Wayne, NY-NJ"
"310015","Hospital 000022","34027","Morris","36085","Richmond","35614","Alternative_2","NJ",2,"35644","New York-White Plains-Wayne, NY-NJ"
"310015","Hospital 000022","34027","Morris","36087","Rockland","35614","Alternative_2","NJ",2,"35644","New York-White Plains-Wayne, NY-NJ"
"310015","Hospital 000022","34027","Morris","36119","Westchester","35614","Alternative_2","NJ",3,"35644","New York-White Plains-Wayne, NY-NJ"
"310017","Hospital 000023","34027","Morris","36079","Putnam","20524","Alternative_1","NJ",3,"35644","New York-White Plains-Wayne, NY-NJ"
"310017","Hospital 000023","34027","Morris","34003","Bergen","35614","Alternative_2","NJ",2,"35644","New York-White Plains-Wayne, NY-NJ"
"310017","Hospital 000023","34027","Morris","34017","Hudson","35614","Alternative_2","NJ",2,"35644","New York-White Plains-Wayne, NY-NJ"
"310017","Hospital 000023","34027","Morris","34031","Passaic","35614","Alternative_2","NJ",1,"35644","New York-White Plains-Wayne, NY-NJ"
"310017","Hospital 000023","34027","Morris","36005","Bronx","35614","Alternative_2","NJ",3,"35644","New York-White Plains-Wayne, NY-NJ"
"310017","Hospital 000023","34027","Morris","36047","Kings","35614","Alternative_2","NJ",3,"35644","New York-White Plains-Wayne, NY-NJ"
"310017","Hospital 000023","34027","Morris","36061","New York","35614","Alternative_2","NJ",3,"35644","New York-White Plains-Wayne, NY-NJ"
"310017","Hospital 000023","34027","Morris","36081","Queens","35614","Alternative_2","NJ",3,"35644","New York-White Plains-Wayne, NY-NJ"
"310017","Hospital 000023","34027","Morris","36085","Richmond","35614","Alternative_2","NJ",2,"35644","New York-White Plains-Wayne, NY-NJ"
"310017","Hospital 000023","34027","Morris","36087","Rockland","35614","Alternative_2","NJ",2,"35644","New York-White Plains-Wayne, NY-NJ"
"310017","Hospital 000023","34027","Morris","36119","Westchester","35614","Alternative_2","NJ",3,"35644","New York-White Plains-Wayne, NY-NJ"
"310031","Hospital 000024","34005","Burlington","34035","Somerset","35084","Alternative_1","NJ",2,"20764","Edison-New Brunswick, NJ"
"310031","Hospital 000024","34005","Burlington","34023","Middlesex","35614","Alternative_2","NJ",2,"20764","Edison-New Brunswick, NJ"
"310031","Hospital 000024","34005","Burlington","34025","Monmouth","35614","Alternative_2","NJ",1,"20764","Edison-New Brunswick, NJ"
"310031","Hospital 000024","34005","Burlington","34029","Ocean","35614","Alternative_2","NJ",1,"20764","Edison-New Brunswick, NJ"
"310038","Hospital 000025","34023","Middlesex","36079","Putnam","20524","Alternative_1","NJ",5,"35644","New York-White Plains-Wayne, NY-NJ"
"310038","Hospital 000025","34023","Middlesex","34003","Bergen","35614","Alternative_2","NJ",3,"35644","New York-White Plains-Wayne, NY-NJ"
"310038","Hospital 000025","34023","Middlesex","34017","Hudson","35614","Alternative_2","NJ",2,"35644","New York-White Plains-Wayne, NY-NJ"
"310038","Hospital 000025","34023","Middlesex","34031","Passaic","35614","Alternative_2","NJ",3,"35644","New York-White Plains-Wayne, NY-NJ"
"310038","Hospital 000025","34023","Middlesex","36005","Bronx","35614","Alternative_2","NJ",3,"35644","New York-White Plains-Wayne, NY-NJ"
"310038","Hospital 000025","34023","Middlesex","36047","Kings","35614","Alternative_2","NJ",2,"35644","New York-White Plains-Wayne, NY-NJ"
"310038","Hospital 000025","34023","Middlesex","36061","New York","35614","Alternative_2","NJ",3,"35644","New York-White Plains-Wayne, NY-NJ"
"310038","Hospital 000025","34023","Middlesex","36081","Queens","35614","Alternative_2","NJ",2,"35644","New York-White Plains-Wayne, NY-NJ"
"310038","Hospital 000025","34023","Middlesex","36085","Richmond","35614","Alternative_2","NJ",1,"35644","New York-White Plains-Wayne, NY-NJ"
"310038","Hospital 000025","34023","Middlesex","36087","Rockland","35614","Alternative_2","NJ",4,"35644","New York-White Plains-Wayne, NY-NJ"
"310038","Hospital 000025","34023","Middlesex","36119","Westchester","35614","Alternative_2","NJ",4,"35644","New York-White Plains-Wayne, NY-NJ"
"310039","Hospital 000026","34023","Middlesex","36079","Putnam","20524","Alternative_1","NJ",5,"35644","New York-White Plains-Wayne, NY-NJ"
"310039","Hospital 000026","34023","Middlesex","34003","Bergen","35614","Alternative_2","NJ",3,"35644","New York-White Plains-Wayne, NY-NJ"
"310039","Hospital 000026","34023","Middlesex","34017","Hudson","35614","Alternative_2","NJ",2,"35644","New York-White Plains-Wayne, NY-NJ"
"310039","Hospital 000026","34023","Middlesex","34031","Passaic","35614","Alternative_2","NJ",3,"35644","New York-White Plains-Wayne, NY-NJ"
"310039","Hospital 000026","34023","Middlesex","36005","Bronx","35614","Alternative_2","NJ",3,"35644","New York-White Plains-Wayne, NY-NJ"
"310039","Hospital 000026","34023","Middlesex","36047","Kings","35614","Alternative_2","NJ",2,"35644","New York-White Plains-Wayne, NY-NJ"
"310039","Hospital 000026","34023","Middlesex","36061","New York","35614","Alternative_2","NJ",3,"35644","New York-White Plains-Wayne, NY-NJ"
"310039","Hospital 000026","34023","Middlesex","36081","Queens","35614","Alternative_2","NJ",2,"35644","New York-White Plains-Wayne, NY-NJ"
"310039","Hospital 000026","34023","Middlesex","36085","Richmond","35614","Alternative_2","NJ",1,"35644","New York-White Plains-Wayne, NY-NJ"
"310039","Hospital 000026","34023","Middlesex","36087","Rockland","35614","Alternative_2","NJ",4,"35644","New York-White Plains-Wayne, NY-NJ"
"310039","Hospital 000026","34023","Middlesex","36119","Westchester","35614","Alternative_2","NJ",4,"35644","New York-White Plains-Wayne, NY-NJ"
"310050","Hospital 000027","34027","Morris","36079","Putnam","20524","Alternative_1","NJ",3,"35644","New York-White Plains-Wayne, NY-NJ"
"310050","Hospital 000027","34027","Morris","34003","Bergen","35614","Alternative_2","NJ",2,"35644","New York-White Plains-Wayne, NY-NJ"
"310050","Hospital 000027","34027","Morris","34017","Hudson","35614","Alternative_2","NJ",2,"35644","New York-White Plains-Wayne, NY-NJ"
"310050","Hospital 000027","34027","Morris","34031","Passaic","35614","Alternative_2","NJ",1,"35644","New York-White Plains-Wayne, NY-NJ"
"310050","Hospital 000027","34027","Morris","36005","Bronx","35614","Alternative_2","NJ",3,"35644","New York-White Plains-Wayne, NY-NJ"
"310050","Hospital 000027","34027","Morris","36047","Kings","35614","Alternative_2","NJ",3,"35644","New York-White Plains-Wayne, NY-NJ"
"310050","Hospital 000027","34027","Morris","36061","New York","35614","Alternative_2","NJ",3,"35644","New York-White Plains-Wayne, NY-NJ"
"310050","Hospital 000027","34027","Morris","36081","Queens","35614","Alternative_2","NJ",3,"35644","New York-White Plains-Wayne, NY-NJ"
"310050","Hospital 000027","34027","Morris","36085","Richmond","35614","Alternative_2","NJ",2,"35644","New York-White Plains-Wayne, NY-NJ"
"310050","Hospital 000027","34027","Morris","36087","Rockland","35614","Alternative_2","NJ",2,"35644","New York-White Plains-Wayne, NY-NJ"
"310050","Hospital 000027","34027","Morris","36119","Westchester","35614","Alternative_2","NJ",3,"35644","New York-White Plains-Wayne, NY-NJ"
"310054","Hospital 000028","34013","Essex","36079","Putnam","20524","Alternative_1","NJ",3,"35644","New York-White Plains-Wayne, NY-NJ"
"310054","Hospital 000028","34013","Essex","34003","Bergen","35614","Alternative_2","NJ",1,"35644","New York-White Plains-Wayne, NY-NJ"
"310054","Hospital 000028","34013","Essex","34017","Hudson","35614","Alternative_2","NJ",1,"35644","New York-White Plains-Wayne, NY-NJ"
"310054","Hospital 000028","34013","Essex","34031","Passaic","35614","Alternative_2","NJ",1,"35644","New York-White Plains-Wayne, NY-NJ"
"310054","Hospital 000028","34013","Essex","36005","Bronx","35614","Alternative_2","NJ",2,"35644","New York-White Plains-Wayne, NY-NJ"
"310054","Hospital 000028","34013","Essex","36047","Kings","35614","Alternative_2","NJ",2,"35644","New York-White Plains-Wayne, NY-NJ"
"310054","Hospital 000028","34013","Essex","36061","New York","35614","Alternative_2","NJ",2,"35644","New York-White Plains-Wayne, NY-NJ"
"310054","Hospital 000028","34013","Essex","36081","Queens","35614","Alternative_2","NJ",3,"35644","New York-White Plains-Wayne, NY-NJ"
"310054","Hospital 000028","34013","Essex","36085","Richmond","35614","Alternative_2","NJ",2,"35644","New York-White Plains-Wayne, NY-NJ"
"310054","Hospital 000028","34013","Essex","36087","Rockland","35614","Alternative_2","NJ",2,"35644","New York-White Plains-Wayne, NY-NJ"
"310054","Hospital 000028","34013","Essex","36119","Westchester","35614","Alternative_2","NJ",2,"35644","New York-White Plains-Wayne, NY-NJ"
"310070","Hospital 000029","34023","Middlesex","36079","Putnam","20524","Alternative_1","NJ",5,"35644","New York-White Plains-Wayne, NY-NJ"
"310070","Hospital 000029","34023","Middlesex","34003","Bergen","35614","Alternative_2","NJ",3,"35644","New York-White Plains-Wayne, NY-NJ"
"310070","Hospital 000029","34023","Middlesex","34017","Hudson","35614","Alternative_2","NJ",2,"35644","New York-White Plains-Wayne, NY-NJ"
"310070","Hospital 000029","34023","Middlesex","34031","Passaic","35614","Alternative_2","NJ",3,"35644","New York-White Plains-Wayne, NY-NJ"
"310070","Hospital 000029","34023","Middlesex","36005","Bronx","35614","Alternative_2","NJ",3,"35644","New York-White Plains-Wayne, NY-NJ"
"310070","Hospital 000029","34023","Middlesex","36047","Kings","35614","Alternative_2","NJ",2,"35644","New York-White Plains-Wayne, NY-NJ"
"310070","Hospital 000029","34023","Middlesex","36061","New York","35614","Alternative_2","NJ",3,"35644","New York-White Plains-Wayne, NY-NJ"
"310070","Hospital 000029","34023","Middlesex","36081","Queens","35614","Alternative_2","NJ",2,"35644","New York-White Plains-Wayne, NY-NJ"
"310070","Hospital 000029","34023","Middlesex","36085","Richmond","35614","Alternative_2","NJ",1,"35644","New York-White Plains-Wayne, NY-NJ"
"310070","Hospital 000029","34023","Middlesex","36087","Rockland","35614","Alternative_2","NJ",4,"35644","New York-White Plains-Wayne, NY-NJ"
"310070","Hospital 000029","34023","Middlesex","36119","Westchester","35614","Alternative_2","NJ",4,"35644","New York-White Plains-Wayne, NY-NJ"
"310076","Hospital 000030","34013","Essex","36079","Putnam","20524","Alternative_1","NJ",3,"35644","New York-White Plains-Wayne, NY-NJ"
"310076","Hospital 000030","34013","Essex","34003","Bergen","35614","Alternative_2","NJ",1,"35644","New York-White Plains-Wayne, NY-NJ"
"310076","Hospital 000030","34013","Essex","34017","Hudson","35614","Alternative_2","NJ",1,"35644","New York-White Plains-Wayne, NY-NJ"
"310076","Hospital 000030","34013","Essex","34031","Passaic","35614","Alternative_2","NJ",1,"35644","New York-White Plains-Wayne, NY-NJ"
"310076","Hospital 000030","34013","Essex","36005","Bronx","35614","Alternative_2","NJ",2,"35644","New York-White Plains-Wayne, NY-NJ"
"310076","Hospital 000030","34013","Essex","36047","Kings","35614","Alternative_2","NJ",2,"35644","New York-White Plains-Wayne, NY-NJ"
"310076","Hospital 000030","34013","Essex","36061","New York","35614","Alternative_2","NJ",2,"35644","New York-White Plains-Wayne, NY-NJ"
"310076","Hospital 000030","34013","Essex","36081","Queens","35614","Alternative_2","NJ",3,"35644","New York-White Plains-Wayne, NY-NJ"
"310076","Hospital 000030","34013","Essex","36085","Richmond","35614","Alternative_2","NJ",2,"35644","New York-White Plains-Wayne, NY-NJ"
"310076","Hospital 000030","34013","Essex","36087","Rockland","35614","Alternative_2","NJ",2,"35644","New York-White Plains-Wayne, NY-NJ"
"310076","Hospital 000030","34013","Essex","36119","Westchester","35614","Alternative_2","NJ",2,"35644","New York-White Plains-Wayne, NY-NJ"
"310083","Hospital 000031","34013","Essex","36079","Putnam","20524","Alternative_1","NJ",3,"35644","New York-White Plains-Wayne, NY-NJ"
"310083","Hospital 000031","34013","Essex","34003","Bergen","35614","Alternative_2","NJ",1,"35644","New York-White Plains-Wayne, NY-NJ"
"310083","Hospital 000031","34013","Essex","34017","Hudson","35614","Alternative_2","NJ",1,"35644","New York-White Plains-Wayne, NY-NJ"
"310083","Hospital 000031","34013","Essex","34031","Passaic","35614","Alternative_2","NJ",1,"35644","New York-White Plains-Wayne, NY-NJ"
"310083","Hospital 000031","34013","Essex","36005","Bronx","35614","Alternative_2","NJ",2,"35644","New York-White Plains-Wayne, NY-NJ"
"310083","Hospital 000031","34013","Essex","36047","Kings","35614","Alternative_2","NJ",2,"35644","New York-White Plains-Wayne, NY-NJ"
"310083","Hospital 000031","34013","Essex","36061","New York","35614","Alternative_2","NJ",2,"35644","New York-White Plains-Wayne, NY-NJ"
"310083","Hospital 000031","34013","Essex","36081","Queens","35614","Alternative_2","NJ",3,"35644","New York-White Plains-Wayne, NY-NJ"
"310083","Hospital 000031","34013","Essex","36085","Richmond","35614","Alternative_2","NJ",2,"35644","New York-White Plains-Wayne, NY-NJ"
"310083","Hospital 000031","34013","Essex","36087","Rockland","35614","Alternative_2","NJ",2,"35644","New York-White Plains-Wayne, NY-NJ"
"310083","Hospital 000031","34013","Essex","36119","Westchester","35614","Alternative_2","NJ",2,"35644","New York-White Plains-Wayne, NY-NJ"
"310096","Hospital 000032","34013","Essex","36079","Putnam","20524","Alternative_1","NJ",3,"35644","New York-White Plains-Wayne, NY-NJ"
"310096","Hospital 000032","34013","Essex","34003","Bergen","35614","Alternative_2","NJ",1,"35644","New York-White Plains-Wayne, NY-NJ"
"310096","Hospital 000032","34013","Essex","34017","Hudson","35614","Alternative_2","NJ",1,"35644","New York-White Plains-Wayne, NY-NJ"
"310096","Hospital 000032","34013","Essex","34031","Passaic","35614","Alternative_2","NJ",1,"35644","New York-White Plains-Wayne, NY-NJ"
"310096","Hospital 000032","34013","Essex","36005","Bronx","35614","Alternative_2","NJ",2,"35644","New York-White Plains-Wayne, NY-NJ"
"310096","Hospital 000032","34013","Essex","36047","Kings","35614","Alternative_2","NJ",2,"35644","New York-White Plains-Wayne, NY-NJ"
"310096","Hospital 000032","34013","Essex","36061","New York","35614","Alternative_2","NJ",2,"35644","New York-White Plains-Wayne, NY-NJ"
"310096","Hospital 000032","34013","Essex","36081","Queens","35614","Alternative_2","NJ",3,"35644","New York-White Plains-Wayne, NY-NJ"
"310096","Hospital 000032","34013","Essex","36085","Richmond","35614","Alternative_2","NJ",2,"35644","New York-White Plains-Wayne, NY-NJ"
"310096","Hospital 000032","34013","Essex","36087","Rockland","35614","Alternative_2","NJ",2,"35644","New York-White Plains-Wayne, NY-NJ"
"310096","Hospital 000032","34013","Essex","36119","Westchester","35614","Alternative_2","NJ",2,"35644","New York-White Plains-Wayne, NY-NJ"
"310108","Hospital 000033","34023","Middlesex","36079","Putnam","20524","Alternative_1","NJ",5,"35644","New York-White Plains-Wayne, NY-NJ"
"310108","Hospital 000033","34023","Middlesex","34003","Bergen","35614","Alternative_2","NJ",3,"35644","New York-White Plains-Wayne, NY-NJ"
"310108","Hospital 000033","34023","Middlesex","34017","Hudson","35614","Alternative_2","NJ",2,"35644","New York-White Plains-Wayne, NY-NJ"
"310108","Hospital 000033","34023","Middlesex","34031","Passaic","35614","Alternative_2","NJ",3,"35644","New York-White Plains-Wayne, NY-NJ"
"310108","Hospital 000033","34023","Middlesex","36005","Bronx","35614","Alternative_2","NJ",3,"35644","New York-White Plains-Wayne, NY-NJ"
"310108","Hospital 000033","34023","Middlesex","36047","Kings","35614","Alternative_2","NJ",2,"35644","New York-White Plains-Wayne, NY-NJ"
"310108","Hospital 000033","34023","Middlesex","36061","New York","35614","Alternative_2","NJ",3,"35644","New York-White Plains-Wayne, NY-NJ"
"310108","Hospital 000033","34023","Middlesex","36081","Queens","35614","Alternative_2","NJ",2,"35644","New York-White Plains-Wayne, NY-NJ"
"310108","Hospital 000033","34023","Middlesex","36085","Richmond","35614","Alternative_2","NJ",1,"35644","New York-White Plains-Wayne, NY-NJ"
"310108","Hospital 000033","34023","Middlesex","36087","Rockland","35614","Alternative_2","NJ",4,"35644","New York-White Plains-Wayne, NY-NJ"
"310108","Hospital 000033","34023","Middlesex","36119","Westchester","35614","Alternative_2","NJ",4,"35644","New York-White Plains-Wayne, NY-NJ"
"310119","Hospital 000034","34013","Essex","36079","Putnam","20524","Alternative_1","NJ",3,"35644","New York-White Plains-Wayne, NY-NJ"
"310119","Hospital 000034","34013","Essex","34003","Bergen","35614","Alternative_2","NJ",1,"35644","New York-White Plains-Wayne, NY-NJ"
"310119","Hospital 000034","34013","Essex","34017","Hudson","35614","Alternative_2","NJ",1,"35644","New York-White Plains-Wayne, NY-NJ"
"310119","Hospital 000034","34013","Essex","34031","Passaic","35614","Alternative_2","NJ",1,"35644","New York-White Plains-Wayne, NY-NJ"
"310119","Hospital 000034","34013","Essex","36005","Bronx","35614","Alternative_2","NJ",2,"35644","New York-White Plains-Wayne, NY-NJ"
"310119","Hospital 000034","34013","Essex","36047","Kings","35614","Alternative_2","NJ",2,"35644","New York-White Plains-Wayne, NY-NJ"
"310119","Hospital 000034","34013","Essex","36061","New York","35614","Alternative_2","NJ",2,"35644","New York-White Plains-Wayne, NY-NJ"
"310119","Hospital 000034","34013","Essex","36081","Queens","35614","Alternative_2","NJ",3,"35644","New York-White Plains-Wayne, NY-NJ"
"310119","Hospital 000034","34013","Essex","36085","Richmond","35614","Alternative_2","NJ",2,"35644","New York-White Plains-Wayne, NY-NJ"
"310119","Hospital 000034","34013","Essex","36087","Rockland","35614","Alternative_2","NJ",2,"35644","New York-White Plains-Wayne, NY-NJ"
"310119","Hospital 000034","34013","Essex","36119","Westchester","35614","Alternative_2","NJ",2,"35644","New York-White Plains-Wayne, NY-NJ"
"330023","Hospital 000035","36027","Dutchess","36079","Putnam","20524","Alternative_1","NY",1,"35644","New York-White Plains-Wayne, NY-NJ"
"330023","Hospital 000035","36027","Dutchess","34003","Bergen","35614","Alternative_2","NY",3,"35644","New York-White Plains-Wayne, NY-NJ"
"330023","Hospital 000035","36027","Dutchess","34017","Hudson","35614","Alternative_2","NY",4,"35644","New York-White Plains-Wayne, NY-NJ"
"330023","Hospital 000035","36027","Dutchess","34031","Passaic","35614","Alternative_2","NY",2,"35644","New York-White Plains-Wayne, NY-NJ"
"330023","Hospital 000035","36027","Dutchess","36005","Bronx","35614","Alternative_2","NY",3,"35644","New York-White Plains-Wayne, NY-NJ"
"330023","Hospital 000035","36027","Dutchess","36047","Kings","35614","Alternative_2","NY",4,"35644","New York-White Plains-Wayne, NY-NJ"
"330023","Hospital 000035","36027","Dutchess","36061","New York","35614","Alternative_2","NY",4,"35644","New York-White Plains-Wayne, NY-NJ"
"330023","Hospital 000035","36027","Dutchess","36081","Queens","35614","Alternative_2","NY",3,"35644","New York-White Plains-Wayne, NY-NJ"
"330023","Hospital 000035","36027","Dutchess","36085","Richmond","35614","Alternative_2","NY",4,"35644","New York-White Plains-Wayne, NY-NJ"
"330023","Hospital 000035","36027","Dutchess","36087","Rockland","35614","Alternative_2","NY",2,"35644","New York-White Plains-Wayne, NY-NJ"
"330023","Hospital 000035","36027","Dutchess","36119","Westchester","35614","Alternative_2","NY",2,"35644","New York-White Plains-Wayne, NY-NJ"
"330049","Hospital 000036","36027","Dutchess","36079","Putnam","20524","Alternative_1","NY",1,"35644","New York-White Plains-Wayne, NY-NJ"
"330049","Hospital 000036","36027","Dutchess","34003","Bergen","35614","Alternative_2","NY",3,"35644","New York-White Plains-Wayne, NY-NJ"
"330049","Hospital 000036","36027","Dutchess","34017","Hudson","35614","Alternative_2","NY",4,"35644","New York-White Plains-Wayne, NY-NJ"
"330049","Hospital 000036","36027","Dutchess","34031","Passaic","35614","Alternative_2","NY",2,"35644","New York-White Plains-Wayne, NY-NJ"
"330049","Hospital 000036","36027","Dutchess","36005","Bronx","35614","Alternative_2","NY",3,"35644","New York-White Plains-Wayne, NY-NJ"
"330049","Hospital 000036","36027","Dutchess","36047","Kings","35614","Alternative_2","NY",4,"35644","New York-White Plains-Wayne, NY-NJ"
"330049","Hospital 000036","36027","Dutchess","36061","New York","35614","Alternative_2","NY",4,"35644","New York-White Plains-Wayne, NY-NJ"
"330049","Hospital 000036","36027","Dutchess","36081","Queens","35614","Alternative_2","NY",3,"35644","New York-White Plains-Wayne, NY-NJ"
"330049","Hospital 000036","36027","Dutchess","36085","Richmond","35614","Alternative_2","NY",4,"35644","New York-White Plains-Wayne, NY-NJ"
"330049","Hospital 000036","36027","Dutchess","36087","Rockland","35614","Alternative_2","NY",2,"35644","New York-White Plains-Wayne, NY-NJ"
"330049","Hospital 000036","36027","Dutchess","36119","Westchester","35614","Alternative_2","NY",2,"35644","New York-White Plains-Wayne, NY-NJ"
"330067","Hospital 000037","36027","Dutchess","36079","Putnam","20524","Alternative_1","NY",1,"35644","New York-White Plains-Wayne, NY-NJ"
"330067","Hospital 000037","36027","Dutchess","34003","Bergen","35614","Alternative_2","NY",3,"35644","New York-White Plains-Wayne, NY-NJ"
"330067","Hospital 000037","36027","Dutchess","34017","Hudson","35614","Alternative_2","NY",4,"35644","New York-White Plains-Wayne, NY-NJ"
"330067","Hospital 000037","36027","Dutchess","34031","Passaic","35614","Alternative_2","NY",2,"35644","New York-White Plains-Wayne, NY-NJ"
"330067","Hospital 000037","36027","Dutchess","36005","Bronx","35614","Alternative_2","NY",3,"35644","New York-White Plains-Wayne, NY-NJ"
"330067","Hospital 000037","36027","Dutchess","36047","Kings","35614","Alternative_2","NY",4,"35644","New York-White Plains-Wayne, NY-NJ"
"330067","Hospital 000037","36027","Dutchess","36061","New York","35614","Alternative_2","NY",4,"35644","New York-White Plains-Wayne, NY-NJ"
"330067","Hospital 000037","36027","Dutchess","36081","Queens","35614","Alternative_2","NY",3,"35644","New York-White Plains-Wayne, NY-NJ"
"330067","Hospital 000037","36027","Dutchess","36085","Richmond","35614","Alternative_2","NY",4,"35644","New York-White Plains-Wayne, NY-NJ"
"330067","Hospital 000037","36027","Dutchess","36087","Rockland","35614","Alternative_2","NY",2,"35644","New York-White Plains-Wayne, NY-NJ"
"330067","Hospital 000037","36027","Dutchess","36119","Westchester","35614","Alternative_2","NY",2,"35644","New York-White Plains-Wayne, NY-NJ"
"330126","Hospital 000038","36071","Orange","36079","Putnam","20524","Alternative_1","NY",1,"35644","New York-White Plains-Wayne, NY-NJ"
"330126","Hospital 000038","36071","Orange","34003","Bergen","35614","Alternative_2","NY",2,"35644","New York-White Plains-Wayne, NY-NJ"
"330126","Hospital 000038","36071","Orange","34017","Hudson","35614","Alternative_2","NY",3,"35644","New York-White Plains-Wayne, NY-NJ"
"330126","Hospital 000038","36071","Orange","34031","Passaic","35614","Alternative_2","NY",1,"35644","New York-White Plains-Wayne, NY-NJ"
"330126","Hospital 000038","36071","Orange","36005","Bronx","35614","Alternative_2","NY",3,"35644","New York-White Plains-Wayne, NY-NJ"
"330126","Hospital 000038","36071","Orange","36047","Kings","35614","Alternative_2","NY",4,"35644","New York-White Plains-Wayne, NY-NJ"
"330126","Hospital 000038","36071","Orange","36061","New York","35614","Alternative_2","NY",3,"35644","New York-White Plains-Wayne, NY-NJ"
"330126","Hospital 000038","36071","Orange","36081","Queens","35614","Alternative_2","NY",4,"35644","New York-White Plains-Wayne, NY-NJ"
"330126","Hospital 000038","36071","Orange","36085","Richmond","35614","Alternative_2","NY",4,"35644","New York-White Plains-Wayne, NY-NJ"
"330126","Hospital 000038","36071","Orange","36087","Rockland","35614","Alternative_2","NY",1,"35644","New York-White Plains-Wayne, NY-NJ"
"330126","Hospital 000038","36071","Orange","36119","Westchester","35614","Alternative_2","NY",2,"35644","New York-White Plains-Wayne, NY-NJ"
"330135","Hospital 000039","36071","Orange","36079","Putnam","20524","Alternative_1","NY",1,"35644","New York-White Plains-Wayne, NY-NJ"
"330135","Hospital 000039","36071","Orange","34003","Bergen","35614","Alternative_2","NY",2,"35644","New York-White Plains-Wayne, NY-NJ"
"330135","Hospital 000039","36071","Orange","34017","Hudson","35614","Alternative_2","NY",3,"35644","New York-White Plains-Wayne, NY-NJ"
"330135","Hospital 000039","36071","Orange","34031","Passaic","35614","Alternative_2","NY",1,"35644","New York-White Plains-Wayne, NY-NJ"
"330135","Hospital 000039","36071","Orange","36005","Bronx","35614","Alternative_2","NY",3,"35644","New York-White Plains-Wayne, NY-NJ"
"330135","Hospital 000039","36071","Orange","36047","Kings","35614","Alternative_2","NY",4,"35644","New York-White Plains-Wayne, NY-NJ"
"330135","Hospital 000039","36071","Orange","36061","New York","35614","Alternative_2","NY",3,"35644","New York-White Plains-Wayne, NY-NJ"
"330135","Hospital 000039","36071","Orange","36081","Queens","35614","Alternative_2","NY",4,"35644","New York-White Plains-Wayne, NY-NJ"
"330135","Hospital 000039","36071","Orange","36085","Richmond","35614","Alternative_2","NY",4,"35644","New York-White Plains-Wayne, NY-NJ"
"330135","Hospital 000039","36071","Orange","36087","Rockland","35614","Alternative_2","NY",1,"35644","New York-White Plains-Wayne, NY-NJ"
"330135","Hospital 000039","36071","Orange","36119","Westchester","35614","Alternative_2","NY",2,"35644","New York-White Plains-Wayne, NY-NJ"
"330205","Hospital 000040","36071","Orange","36079","Putnam","20524","Alternative_1","NY",1,"35644","New York-White Plains-Wayne, NY-NJ"
"330205","Hospital 000040","36071","Orange","34003","Bergen","35614","Alternative_2","NY",2,"35644","New York-White Plains-Wayne, NY-NJ"
"330205","Hospital 000040","36071","Orange","34017","Hudson","35614","Alternative_2","NY",3,"35644","New York-White Plains-Wayne, NY-NJ"
"330205","Hospital 000040","36071","Orange","34031","Passaic","35614","Alternative_2","NY",1,"35644","New York-White Plains-Wayne, NY-NJ"
"330205","Hospital 000040","36071","Orange","36005","Bronx","35614","Alternative_2","NY",3,"35644","New York-White Plains-Wayne, NY-NJ"
"330205","Hospital 000040","36071","Orange","36047","Kings","35614","Alternative_2","NY",4,"35644","New York-White Plains-Wayne, NY-NJ"
"330205","Hospital 000040","36071","Orange","36061","New York","35614","Alternative_2","NY",3,"35644","New York-White Plains-Wayne, NY-NJ"
"330205","Hospital 000040","36071","Orange","36081","Queens","35614","Alternative_2","NY",4,"35644","New York-White Plains-Wayne, NY-NJ"
"330205","Hospital 000040","36071","Orange","36085","Richmond","35614","Alternative_2","NY",4,"35644","New York-White Plains-Wayne, NY-NJ"
"330205","Hospital 000040","36071","Orange","36087","Rockland","35614","Alternative_2","NY",1,"35644","New York-White Plains-Wayne, NY-NJ"
"330205","Hospital 000040","36071","Orange","36119","Westchester","35614","Alternative_2","NY",2,"35644","New York-White Plains-Wayne, NY-NJ"
"330224","Hospital 000041","36111","Ulster","36027","Dutchess","20524","Alternative_1","NY",1,"39100","Poughkeepsie-Newburgh-Middletown, NY"
"330224","Hospital 000041","36111","Ulster","36071","Orange","35614","Alternative_2","NY",1,"39100","Poughkeepsie-Newburgh-Middletown, NY"
"330264","Hospital 000042","36071","Orange","36079","Putnam","20524","Alternative_1","NY",1,"35644","New York-White Plains-Wayne, NY-NJ"
"330264","Hospital 000042","36071","Orange","34003","Bergen","35614","Alternative_2","NY",2,"35644","New York-White Plains-Wayne, NY-NJ"
"330264","Hospital 000042","36071","Orange","34017","Hudson","35614","Alternative_2","NY",3,"35644","New York-White Plains-Wayne, NY-NJ"
"330264","Hospital 000042","36071","Orange","34031","Passaic","35614","Alternative_2","NY",1,"35644","New York-White Plains-Wayne, NY-NJ"
"330264","Hospital 000042","36071","Orange","36005","Bronx","35614","Alternative_2","NY",3,"35644","New York-White Plains-Wayne, NY-NJ"
"330264","Hospital 000042","36071","Orange","36047","Kings","35614","Alternative_2","NY",4,"35644","New York-White Plains-Wayne, NY-NJ"
"330264","Hospital 000042","36071","Orange","36061","New York","35614","Alternative_2","NY",3,"35644","New York-White Plains-Wayne, NY-NJ"
"330264","Hospital 000042","36071","Orange","36081","Queens","35614","Alternative_2","NY",4,"35644","New York-White Plains-Wayne, NY-NJ"
"330264","Hospital 000042","36071","Orange","36085","Richmond","35614","Alternative_2","NY",4,"35644","New York-White Plains-Wayne, NY-NJ"
"330264","Hospital 000042","36071","Orange","36087","Rockland","35614","Alternative_2","NY",1,"35644","New York-White Plains-Wayne, NY-NJ"
"330264","Hospital 000042","36071","Orange","36119","Westchester","35614","Alternative_2","NY",2,"35644","New York-White Plains-Wayne, NY-NJ"
"340042","Hospital 000043","37133","Onslow","37019","Brunswick","34820","Alternative_1","NC",2,"48900","Wilmington, NC"
"340042","Hospital 000043","37133","Onslow","37129","New Hanover","48900","Current","NC",2,"48900","Wilmington, NC"
"340042","Hospital 000043","37133","Onslow","37141","Pender","48900","Current","NC",1,"48900","Wilmington, NC"
"340068","Hospital 000044","37047","Columbus","37019","Brunswick","34820","Alternative_1","NC",1,"48900","Wilmington, NC"
"340068","Hospital 000044","37047","Columbus","37129","New Hanover","48900","Current","NC",2,"48900","Wilmington, NC"
"340068","Hospital 000044","37047","Columbus","37141","Pender","48900","Current","NC",1,"48900","Wilmington, NC"
"420085","Hospital 000045","45051","Horry","37019","Brunswick","34820","Alternative_1","SC",1,"48900","Wilmington, NC"
"420085","Hospital 000045","45051","Horry","37129","New Hanover","48900","Current","SC",2,"48900","Wilmington, NC"
"420085","Hospital 000045","45051","Horry","37141","Pender","48900","Current","SC",2,"48900","Wilmington, NC"
"510062","Hospital 000046","54081","Raleigh","54005","Boone","16620","Current","WV",1,"16620","Charleston, WV"
"510062","Hospital 000046","54081","Raleigh","54015","Clay","16620","Current","WV",2,"16620","Charleston, WV"
"510062","Hospital 000046","54081","Raleigh","54039","Kanawha","16620","Current","WV",1,"16620","Charleston, WV"
"510062","Hospital 000046","54081","Raleigh","54043","Lincoln","26580","Alternative_1","WV",2,"16620","Charleston, WV"
"510062","Hospital 000046","54081","Raleigh","54079","Putnam","26580","Alternative_1","WV",2,"16620","Charleston, WV"
"510070","Hospital 000047","54081","Raleigh","54005","Boone","16620","Current","WV",1,"16620","Charleston, WV"
"510070","Hospital 000047","54081","Raleigh","54015","Clay","16620","Current","WV",2,"16620","Charleston, WV"
"510070","Hospital 000047","54081","Raleigh","54039","Kanawha","16620","Current","WV",1,"16620","Charleston, WV"
"510070","Hospital 000047","54081","Raleigh","54043","Lincoln","26580","Alternative_1","WV",2,"16620","Charleston, WV"
"510070","Hospital 000047","54081","Raleigh","54079","Putnam","26580","Alternative_1","WV",2,"16620","Charleston, WV"
